region,Resource,technology,cluster,Zone,Num_VRE_Bins,LDS,Min_Share,Max_Share,Existing_Cap_MW,num_units,unmodified_existing_cap_mw,New_Build,Cap_Size,Min_Cap_MW,Max_Cap_MW,Min_Share_percent,Max_Share_percent,capex_mw,Inv_Cost_per_MWyr,Fixed_OM_Cost_per_MWyr,capex_mwh,Var_OM_Cost_per_MWh,Start_Cost_per_MW,Start_Fuel_MMBTU_per_MW,Heat_Rate_MMBTU_per_MWh,heat_rate_mmbtu_mwh_iqr,heat_rate_mmbtu_mwh_std,Fuel,Reg_Max,Rsv_Max,Reg_Cost,Rsv_Cost,CO2_Capture_Rate,CO2_Capture_Cost_per_Metric_Ton,spur_miles,spur_capex,spur_inv_mwyr,offshore_spur_miles,offshore_spur_capex,tx_miles,tx_capex,interconnect_annuity,regional_cost_multiplier,cap_recovery_years,wacc_real,ids,MISO_CleanPower,NY_CleanPower,PJM_CleanPower,SERC_CleanPower,variable_CF,RETRO,Num_RETRO_Sources,Retro1_Source,Retro1_Efficiency,Retro1_Inv_Cost_per_MWyr,Retro2_Source,Retro2_Efficiency,Retro2_Inv_Cost_per_MWyr,Can_Retire
EIC,EIC_offshore_wind_turbine_1,Offshore Wind Turbine,1,1,1,0,0.0,0.0,29.3,1.0,29.3,0,29.3,0.0,0.0,0.0,0.0,0.0,0,111496,0.0,0.0,0.0,0.0,8.77,0.0,0.0,None,0.0,0.0,0.0,0.0,0.0,0,0.0,0.0,0.0,0.0,0.0,0.0,0.0,0.0,0.0,0.0,0.0,0.0,0.0,0.0,0.0,0.0,0.0,0,0,0,0,0,0,0,0,1
EIC,EIC_onshore_wind_turbine_1,Onshore Wind Turbine,1,1,1,0,0.0,0.0,81502.3,970.0,81502.31,0,84.02,0.0,0.0,0.0,0.0,0.0,0,43000,0.0,0.0,0.0,0.0,8.96,0.437,0.195,None,0.0,0.0,0.0,0.0,0.0,0,0.0,0.0,0.0,0.0,0.0,0.0,0.0,0.0,0.0,0.0,0.0,0.0,0.0,0.0,0.0,0.0,0.0,0,0,0,0,0,0,0,0,1
EIC,EIC_solar_photovoltaic_1,Solar Photovoltaic,1,1,1,0,0.0,0.0,43752.1,4053.0,43752.135,0,10.8,0.0,0.0,0.0,0.0,0.0,0,22623,0.0,0.0,0.0,0.0,9.12,0.437,0.21,None,0.0,0.0,0.0,0.0,0.0,0,0.0,0.0,0.0,0.0,0.0,0.0,0.0,0.0,0.0,0.0,0.0,0.0,0.0,0.0,0.0,0.0,0.0,0,0,0,0,0,0,0,0,1
TRE,TRE_onshore_wind_turbine_1,Onshore Wind Turbine,1,2,1,0,0.0,0.0,36993.9,198.0,36993.924,0,186.84,0.0,0.0,0.0,0.0,0.0,0,43000,0.0,0.0,0.0,0.0,8.95,0.437,0.206,None,0.0,0.0,0.0,0.0,0.0,0,0.0,0.0,0.0,0.0,0.0,0.0,0.0,0.0,0.0,0.0,0.0,0.0,0.0,0.0,0.0,0.0,0.0,0,0,0,0,0,0,0,0,1
TRE,TRE_solar_photovoltaic_1,Solar Photovoltaic,1,2,1,0,0.0,0.0,18530.7,150.0,18530.7,0,123.54,0.0,0.0,0.0,0.0,0.0,0,22623,0.0,0.0,0.0,0.0,9.18,0.0,0.168,None,0.0,0.0,0.0,0.0,0.0,0,0.0,0.0,0.0,0.0,0.0,0.0,0.0,0.0,0.0,0.0,0.0,0.0,0.0,0.0,0.0,0.0,0.0,0,0,0,0,0,0,0,0,1
WECC,WECC_geothermal_1,Geothermal,1,3,1,0,0.0,0.0,2048.6,167.0,3078.311,0,12.27,0.0,0.0,0.0,0.0,0.0,0,209101,0.0,0.0,0.0,0.0,8.82,0.0,0.145,None,0.0,0.0,0.0,0.0,0.0,0,0.0,0.0,0.0,0.0,0.0,0.0,0.0,0.0,0.0,0.0,0.0,0.0,0.0,0.0,0.0,0.0,0.0,0,0,0,0,0,0,0,0,0
WECC,WECC_onshore_wind_turbine_1,Onshore Wind Turbine,1,3,1,0,0.0,0.0,31536.5,371.0,31536.484,0,85.0,0.0,0.0,0.0,0.0,0.0,0,43000,0.0,0.0,0.0,0.0,8.92,0.0,0.173,None,0.0,0.0,0.0,0.0,0.0,0,0.0,0.0,0.0,0.0,0.0,0.0,0.0,0.0,0.0,0.0,0.0,0.0,0.0,0.0,0.0,0.0,0.0,0,0,0,0,0,0,0,0,1
WECC,WECC_solar_photovoltaic_1,Solar Photovoltaic,1,3,1,0,0.0,0.0,36325.8,1673.0,36325.849,0,21.71,0.0,0.0,0.0,0.0,0.0,0,22623,0.0,0.0,0.0,0.0,9.04,0.437,0.215,None,0.0,0.0,0.0,0.0,0.0,0,0.0,0.0,0.0,0.0,0.0,0.0,0.0,0.0,0.0,0.0,0.0,0.0,0.0,0.0,0.0,0.0,0.0,0,0,0,0,0,0,0,0,1
EIC,EIC_landbasedwind_class1_moderate_0,LandbasedWind_Class1_Moderate_,0,1,1,0,0.0,0.0,0.0,0.0,0.0,1,1.0,0.0,134173.0,0.0,0.0,879445.731,72286,36613,0.0,0.0,0.0,0.0,0.0,0.0,0.0,None,0.0,0.0,0.0,0.0,0.0,0,0.0,0.0,0.0,0.0,0.0,0.0,0.0,15793.62,1.266,30.0,0.03,0.0,0.0,0.0,0.0,0.0,0.465869128704071,0,0,0,0,0,0,0,0,1
EIC,EIC_landbasedwind_class1_moderate_1,LandbasedWind_Class1_Moderate_,1,1,1,0,0.0,0.0,0.0,0.0,0.0,1,1.0,0.0,247680.8,0.0,0.0,879445.731,79799,36613,0.0,0.0,0.0,0.0,0.0,0.0,0.0,None,0.0,0.0,0.0,0.0,0.0,0,0.0,0.0,0.0,0.0,0.0,0.0,0.0,23306.103,1.266,30.0,0.03,0.0,0.0,0.0,0.0,0.0,0.5045070648193359,0,0,0,0,0,0,0,0,1
EIC,EIC_landbasedwind_class1_moderate_2,LandbasedWind_Class1_Moderate_,2,1,1,0,0.0,0.0,0.0,0.0,0.0,1,1.0,0.0,346677.4,0.0,0.0,879445.731,86912,36613,0.0,0.0,0.0,0.0,0.0,0.0,0.0,None,0.0,0.0,0.0,0.0,0.0,0,0.0,0.0,0.0,0.0,0.0,0.0,0.0,30419.522,1.266,30.0,0.03,0.0,0.0,0.0,0.0,0.0,0.4759718179702759,0,0,0,0,0,0,0,0,1
EIC,EIC_landbasedwind_class1_moderate_3,LandbasedWind_Class1_Moderate_,3,1,1,0,0.0,0.0,0.0,0.0,0.0,1,1.0,0.0,44260.9,0.0,0.0,879445.731,69698,36613,0.0,0.0,0.0,0.0,0.0,0.0,0.0,None,0.0,0.0,0.0,0.0,0.0,0,0.0,0.0,0.0,0.0,0.0,0.0,0.0,13205.944,1.266,30.0,0.03,0.0,0.0,0.0,0.0,0.0,0.4204610586166382,0,0,0,0,0,0,0,0,1
EIC,EIC_landbasedwind_class1_moderate_4,LandbasedWind_Class1_Moderate_,4,1,1,0,0.0,0.0,0.0,0.0,0.0,1,1.0,0.0,349796.6,0.0,0.0,879445.731,92974,36613,0.0,0.0,0.0,0.0,0.0,0.0,0.0,None,0.0,0.0,0.0,0.0,0.0,0,0.0,0.0,0.0,0.0,0.0,0.0,0.0,36481.594,1.266,30.0,0.03,0.0,0.0,0.0,0.0,0.0,0.4548757672309875,0,0,0,0,0,0,0,0,1
EIC,EIC_landbasedwind_class1_moderate_5,LandbasedWind_Class1_Moderate_,5,1,1,0,0.0,0.0,0.0,0.0,0.0,1,1.0,0.0,35906.5,0.0,0.0,879445.731,69192,36613,0.0,0.0,0.0,0.0,0.0,0.0,0.0,None,0.0,0.0,0.0,0.0,0.0,0,0.0,0.0,0.0,0.0,0.0,0.0,0.0,12699.213,1.266,30.0,0.03,0.0,0.0,0.0,0.0,0.0,0.3816548585891723,0,0,0,0,0,0,0,0,1
EIC,EIC_landbasedwind_class1_moderate_6,LandbasedWind_Class1_Moderate_,6,1,1,0,0.0,0.0,0.0,0.0,0.0,1,1.0,0.0,201943.6,0.0,0.0,879445.731,101466,36613,0.0,0.0,0.0,0.0,0.0,0.0,0.0,None,0.0,0.0,0.0,0.0,0.0,0,0.0,0.0,0.0,0.0,0.0,0.0,0.0,44973.872,1.266,30.0,0.03,0.0,0.0,0.0,0.0,0.0,0.432130366563797,0,0,0,0,0,0,0,0,1
EIC,EIC_landbasedwind_class1_moderate_7,LandbasedWind_Class1_Moderate_,7,1,1,0,0.0,0.0,0.0,0.0,0.0,1,1.0,0.0,94642.7,0.0,0.0,879445.731,79456,36613,0.0,0.0,0.0,0.0,0.0,0.0,0.0,None,0.0,0.0,0.0,0.0,0.0,0,0.0,0.0,0.0,0.0,0.0,0.0,0.0,22963.151,1.266,30.0,0.03,0.0,0.0,0.0,0.0,0.0,0.3550650775432586,0,0,0,0,0,0,0,0,1
EIC,EIC_landbasedwind_class1_moderate_8,LandbasedWind_Class1_Moderate_,8,1,1,0,0.0,0.0,0.0,0.0,0.0,1,1.0,0.0,155281.3,0.0,0.0,879445.731,85766,36613,0.0,0.0,0.0,0.0,0.0,0.0,0.0,None,0.0,0.0,0.0,0.0,0.0,0,0.0,0.0,0.0,0.0,0.0,0.0,0.0,29273.306,1.266,30.0,0.03,0.0,0.0,0.0,0.0,0.0,0.3105701208114624,0,0,0,0,0,0,0,0,1
EIC,EIC_landbasedwind_class1_moderate_9,LandbasedWind_Class1_Moderate_,9,1,1,0,0.0,0.0,0.0,0.0,0.0,1,1.0,0.0,64030.1,0.0,0.0,879445.731,110687,36613,0.0,0.0,0.0,0.0,0.0,0.0,0.0,None,0.0,0.0,0.0,0.0,0.0,0,0.0,0.0,0.0,0.0,0.0,0.0,0.0,54194.838,1.266,30.0,0.03,0.0,0.0,0.0,0.0,0.0,0.4055345356464386,0,0,0,0,0,0,0,0,1
EIC,EIC_utilitypv_class1_moderate_0,UtilityPV_Class1_Moderate_,0,1,1,0,0.0,0.0,0.0,0.0,0.0,1,1.0,0.0,1.1183014e6,0.0,0.0,630556.245,43579,14425,0.0,0.0,0.0,0.0,0.0,0.0,0.0,None,0.0,0.0,0.0,0.0,0.0,0,0.0,0.0,0.0,0.0,0.0,0.0,0.0,12639.444,1.017,30.0,0.026,0.0,0.0,0.0,0.0,0.0,0.2698089182376861,0,0,0,0,0,0,0,0,1
EIC,EIC_utilitypv_class1_moderate_1,UtilityPV_Class1_Moderate_,1,1,1,0,0.0,0.0,0.0,0.0,0.0,1,1.0,0.0,1.5346242e6,0.0,0.0,630556.245,37702,14425,0.0,0.0,0.0,0.0,0.0,0.0,0.0,None,0.0,0.0,0.0,0.0,0.0,0,0.0,0.0,0.0,0.0,0.0,0.0,0.0,6762.889,1.017,30.0,0.026,0.0,0.0,0.0,0.0,0.0,0.2496833950281143,0,0,0,0,0,0,0,0,1
EIC,EIC_utilitypv_class1_moderate_2,UtilityPV_Class1_Moderate_,2,1,1,0,0.0,0.0,0.0,0.0,0.0,1,1.0,0.0,1.564766e6,0.0,0.0,630556.245,55211,14425,0.0,0.0,0.0,0.0,0.0,0.0,0.0,None,0.0,0.0,0.0,0.0,0.0,0,0.0,0.0,0.0,0.0,0.0,0.0,0.0,24271.258,1.017,30.0,0.026,0.0,0.0,0.0,0.0,0.0,0.2760757207870483,0,0,0,0,0,0,0,0,1
EIC,EIC_utilitypv_class1_moderate_3,UtilityPV_Class1_Moderate_,3,1,1,0,0.0,0.0,0.0,0.0,0.0,1,1.0,0.0,2.131277e6,0.0,0.0,630556.245,45283,14425,0.0,0.0,0.0,0.0,0.0,0.0,0.0,None,0.0,0.0,0.0,0.0,0.0,0,0.0,0.0,0.0,0.0,0.0,0.0,0.0,14343.14,1.017,30.0,0.026,0.0,0.0,0.0,0.0,0.0,0.2509045898914337,0,0,0,0,0,0,0,0,1
EIC,EIC_utilitypv_class1_moderate_4,UtilityPV_Class1_Moderate_,4,1,1,0,0.0,0.0,0.0,0.0,0.0,1,1.0,0.0,2.6854662e6,0.0,0.0,630556.245,52429,14425,0.0,0.0,0.0,0.0,0.0,0.0,0.0,None,0.0,0.0,0.0,0.0,0.0,0,0.0,0.0,0.0,0.0,0.0,0.0,0.0,21489.838,1.017,30.0,0.026,0.0,0.0,0.0,0.0,0.0,0.2539217174053192,0,0,0,0,0,0,0,0,1
EIC,EIC_utilitypv_class1_moderate_5,UtilityPV_Class1_Moderate_,5,1,1,0,0.0,0.0,0.0,0.0,0.0,1,1.0,0.0,1.3692211e6,0.0,0.0,630556.245,63113,14425,0.0,0.0,0.0,0.0,0.0,0.0,0.0,None,0.0,0.0,0.0,0.0,0.0,0,0.0,0.0,0.0,0.0,0.0,0.0,0.0,32173.638,1.017,30.0,0.026,0.0,0.0,0.0,0.0,0.0,0.2822690010070801,0,0,0,0,0,0,0,0,1
EIC,EIC_utilitypv_class1_moderate_6,UtilityPV_Class1_Moderate_,6,1,1,0,0.0,0.0,0.0,0.0,0.0,1,1.0,0.0,1.1239886e6,0.0,0.0,630556.245,67847,14425,0.0,0.0,0.0,0.0,0.0,0.0,0.0,None,0.0,0.0,0.0,0.0,0.0,0,0.0,0.0,0.0,0.0,0.0,0.0,0.0,36907.71,1.017,30.0,0.026,0.0,0.0,0.0,0.0,0.0,0.2784334123134613,0,0,0,0,0,0,0,0,1
EIC,EIC_utilitypv_class1_moderate_7,UtilityPV_Class1_Moderate_,7,1,1,0,0.0,0.0,0.0,0.0,0.0,1,1.0,0.0,2.7553618e6,0.0,0.0,630556.245,56985,14425,0.0,0.0,0.0,0.0,0.0,0.0,0.0,None,0.0,0.0,0.0,0.0,0.0,0,0.0,0.0,0.0,0.0,0.0,0.0,0.0,26045.617,1.017,30.0,0.026,0.0,0.0,0.0,0.0,0.0,0.2507179975509643,0,0,0,0,0,0,0,0,1
EIC,EIC_utilitypv_class1_moderate_8,UtilityPV_Class1_Moderate_,8,1,1,0,0.0,0.0,0.0,0.0,0.0,1,1.0,0.0,1.2705639e6,0.0,0.0,630556.245,77093,14425,0.0,0.0,0.0,0.0,0.0,0.0,0.0,None,0.0,0.0,0.0,0.0,0.0,0,0.0,0.0,0.0,0.0,0.0,0.0,0.0,46153.464,1.017,30.0,0.026,0.0,0.0,0.0,0.0,0.0,0.2607305645942688,0,0,0,0,0,0,0,0,1
EIC,EIC_utilitypv_class1_moderate_9,UtilityPV_Class1_Moderate_,9,1,1,0,0.0,0.0,0.0,0.0,0.0,1,1.0,0.0,2.7136844e6,0.0,0.0,630556.245,72653,14425,0.0,0.0,0.0,0.0,0.0,0.0,0.0,None,0.0,0.0,0.0,0.0,0.0,0,0.0,0.0,0.0,0.0,0.0,0.0,0.0,41713.937,1.017,30.0,0.026,0.0,0.0,0.0,0.0,0.0,0.2447529733180999,0,0,0,0,0,0,0,0,1
EIC,EIC_offshorewind_class3_moderate_fixed_1_0,OffShoreWind_Class3_Moderate_fixed_1,0,1,1,0,0.0,0.0,0.0,0.0,0.0,1,1.0,0.0,14197.8,0.0,0.0,1.732074611e6,162312,78449,0.0,0.0,0.0,0.0,0.0,0.0,0.0,None,0.0,0.0,0.0,0.0,0.0,0,0.0,0.0,0.0,0.0,0.0,0.0,0.0,67001.158,1.0,30.0,0.036,0.0,0.0,0.0,0.0,0.0,0.4529520869255066,0,0,0,0,0,0,0,0,1
EIC,EIC_offshorewind_class3_moderate_fixed_1_1,OffShoreWind_Class3_Moderate_fixed_1,1,1,1,0,0.0,0.0,0.0,0.0,0.0,1,1.0,0.0,2360.5,0.0,0.0,1.732074611e6,159540,78449,0.0,0.0,0.0,0.0,0.0,0.0,0.0,None,0.0,0.0,0.0,0.0,0.0,0,0.0,0.0,0.0,0.0,0.0,0.0,0.0,64229.388,1.0,30.0,0.036,0.0,0.0,0.0,0.0,0.0,0.4676068425178528,0,0,0,0,0,0,0,0,1
EIC,EIC_offshorewind_class3_moderate_fixed_1_2,OffShoreWind_Class3_Moderate_fixed_1,2,1,1,0,0.0,0.0,0.0,0.0,0.0,1,1.0,0.0,2832.9,0.0,0.0,1.732074611e6,162687,78449,0.0,0.0,0.0,0.0,0.0,0.0,0.0,None,0.0,0.0,0.0,0.0,0.0,0,0.0,0.0,0.0,0.0,0.0,0.0,0.0,67376.436,1.0,30.0,0.036,0.0,0.0,0.0,0.0,0.0,0.4105395674705505,0,0,0,0,0,0,0,0,1
EIC,EIC_offshorewind_class3_moderate_fixed_1_3,OffShoreWind_Class3_Moderate_fixed_1,3,1,1,0,0.0,0.0,0.0,0.0,0.0,1,1.0,0.0,13128.8,0.0,0.0,1.732074611e6,159265,78449,0.0,0.0,0.0,0.0,0.0,0.0,0.0,None,0.0,0.0,0.0,0.0,0.0,0,0.0,0.0,0.0,0.0,0.0,0.0,0.0,63954.316,1.0,30.0,0.036,0.0,0.0,0.0,0.0,0.0,0.4497402310371399,0,0,0,0,0,0,0,0,1
EIC,EIC_offshorewind_class3_moderate_fixed_1_4,OffShoreWind_Class3_Moderate_fixed_1,4,1,1,0,0.0,0.0,0.0,0.0,0.0,1,1.0,0.0,13640.7,0.0,0.0,1.732074611e6,166731,78449,0.0,0.0,0.0,0.0,0.0,0.0,0.0,None,0.0,0.0,0.0,0.0,0.0,0,0.0,0.0,0.0,0.0,0.0,0.0,0.0,71420.838,1.0,30.0,0.036,0.0,0.0,0.0,0.0,0.0,0.407358318567276,0,0,0,0,0,0,0,0,1
EIC,EIC_offshorewind_class3_moderate_fixed_1_5,OffShoreWind_Class3_Moderate_fixed_1,5,1,1,0,0.0,0.0,0.0,0.0,0.0,1,1.0,0.0,3359.9,0.0,0.0,1.732074611e6,175057,78449,0.0,0.0,0.0,0.0,0.0,0.0,0.0,None,0.0,0.0,0.0,0.0,0.0,0,0.0,0.0,0.0,0.0,0.0,0.0,0.0,79746.124,1.0,30.0,0.036,0.0,0.0,0.0,0.0,0.0,0.4192381799221039,0,0,0,0,0,0,0,0,1
EIC,EIC_offshorewind_class3_moderate_fixed_1_6,OffShoreWind_Class3_Moderate_fixed_1,6,1,1,0,0.0,0.0,0.0,0.0,0.0,1,1.0,0.0,5071.3,0.0,0.0,1.732074611e6,181503,78449,0.0,0.0,0.0,0.0,0.0,0.0,0.0,None,0.0,0.0,0.0,0.0,0.0,0,0.0,0.0,0.0,0.0,0.0,0.0,0.0,86192.183,1.0,30.0,0.036,0.0,0.0,0.0,0.0,0.0,0.3977007269859314,0,0,0,0,0,0,0,0,1
EIC,EIC_offshorewind_class3_moderate_fixed_1_7,OffShoreWind_Class3_Moderate_fixed_1,7,1,1,0,0.0,0.0,0.0,0.0,0.0,1,1.0,0.0,7870.6,0.0,0.0,1.732074611e6,180735,78449,0.0,0.0,0.0,0.0,0.0,0.0,0.0,None,0.0,0.0,0.0,0.0,0.0,0,0.0,0.0,0.0,0.0,0.0,0.0,0.0,85424.316,1.0,30.0,0.036,0.0,0.0,0.0,0.0,0.0,0.3208464980125427,0,0,0,0,0,0,0,0,1
EIC,EIC_offshorewind_class3_moderate_fixed_1_8,OffShoreWind_Class3_Moderate_fixed_1,8,1,1,0,0.0,0.0,0.0,0.0,0.0,1,1.0,0.0,10094.9,0.0,0.0,1.732074611e6,180960,78449,0.0,0.0,0.0,0.0,0.0,0.0,0.0,None,0.0,0.0,0.0,0.0,0.0,0,0.0,0.0,0.0,0.0,0.0,0.0,0.0,85649.421,1.0,30.0,0.036,0.0,0.0,0.0,0.0,0.0,0.3184568285942077,0,0,0,0,0,0,0,0,1
EIC,EIC_offshorewind_class3_moderate_fixed_1_9,OffShoreWind_Class3_Moderate_fixed_1,9,1,1,0,0.0,0.0,0.0,0.0,0.0,1,1.0,0.0,3703.8,0.0,0.0,1.732074611e6,184780,78449,0.0,0.0,0.0,0.0,0.0,0.0,0.0,None,0.0,0.0,0.0,0.0,0.0,0,0.0,0.0,0.0,0.0,0.0,0.0,0.0,89469.27,1.0,30.0,0.036,0.0,0.0,0.0,0.0,0.0,0.3216687142848968,0,0,0,0,0,0,0,0,1
EIC,EIC_offshorewind_class3_moderate_fixed_0_0,OffShoreWind_Class3_Moderate_fixed_0,0,1,1,0,0.0,0.0,0.0,0.0,0.0,1,1.0,0.0,64449.8,0.0,0.0,1.732074611e6,165037,78449,0.0,0.0,0.0,0.0,0.0,0.0,0.0,None,0.0,0.0,0.0,0.0,0.0,0,0.0,0.0,0.0,0.0,0.0,0.0,0.0,69726.888,1.0,30.0,0.036,0.0,0.0,0.0,0.0,0.0,0.5009316205978394,0,0,0,0,0,0,0,0,1
EIC,EIC_offshorewind_class3_moderate_fixed_0_1,OffShoreWind_Class3_Moderate_fixed_0,1,1,1,0,0.0,0.0,0.0,0.0,0.0,1,1.0,0.0,89888.7,0.0,0.0,1.732074611e6,153886,78449,0.0,0.0,0.0,0.0,0.0,0.0,0.0,None,0.0,0.0,0.0,0.0,0.0,0,0.0,0.0,0.0,0.0,0.0,0.0,0.0,58575.807,1.0,30.0,0.036,0.0,0.0,0.0,0.0,0.0,0.4567139148712158,0,0,0,0,0,0,0,0,1
EIC,EIC_offshorewind_class3_moderate_fixed_0_2,OffShoreWind_Class3_Moderate_fixed_0,2,1,1,0,0.0,0.0,0.0,0.0,0.0,1,1.0,0.0,161829.1,0.0,0.0,1.732074611e6,158855,78449,0.0,0.0,0.0,0.0,0.0,0.0,0.0,None,0.0,0.0,0.0,0.0,0.0,0,0.0,0.0,0.0,0.0,0.0,0.0,0.0,63544.177,1.0,30.0,0.036,0.0,0.0,0.0,0.0,0.0,0.4474430382251739,0,0,0,0,0,0,0,0,1
EIC,EIC_offshorewind_class3_moderate_fixed_0_3,OffShoreWind_Class3_Moderate_fixed_0,3,1,1,0,0.0,0.0,0.0,0.0,0.0,1,1.0,0.0,19450.7,0.0,0.0,1.732074611e6,164876,78449,0.0,0.0,0.0,0.0,0.0,0.0,0.0,None,0.0,0.0,0.0,0.0,0.0,0,0.0,0.0,0.0,0.0,0.0,0.0,0.0,69565.619,1.0,30.0,0.036,0.0,0.0,0.0,0.0,0.0,0.4916880428791046,0,0,0,0,0,0,0,0,1
EIC,EIC_offshorewind_class3_moderate_fixed_0_4,OffShoreWind_Class3_Moderate_fixed_0,4,1,1,0,0.0,0.0,0.0,0.0,0.0,1,1.0,0.0,133705.6,0.0,0.0,1.732074611e6,167834,78449,0.0,0.0,0.0,0.0,0.0,0.0,0.0,None,0.0,0.0,0.0,0.0,0.0,0,0.0,0.0,0.0,0.0,0.0,0.0,0.0,72523.413,1.0,30.0,0.036,0.0,0.0,0.0,0.0,0.0,0.3669571876525879,0,0,0,0,0,0,0,0,1
EIC,EIC_offshorewind_class3_moderate_fixed_0_5,OffShoreWind_Class3_Moderate_fixed_0,5,1,1,0,0.0,0.0,0.0,0.0,0.0,1,1.0,0.0,45246.5,0.0,0.0,1.732074611e6,162385,78449,0.0,0.0,0.0,0.0,0.0,0.0,0.0,None,0.0,0.0,0.0,0.0,0.0,0,0.0,0.0,0.0,0.0,0.0,0.0,0.0,67074.253,1.0,30.0,0.036,0.0,0.0,0.0,0.0,0.0,0.4352793395519256,0,0,0,0,0,0,0,0,1
EIC,EIC_offshorewind_class3_moderate_fixed_0_6,OffShoreWind_Class3_Moderate_fixed_0,6,1,1,0,0.0,0.0,0.0,0.0,0.0,1,1.0,0.0,119450.5,0.0,0.0,1.732074611e6,166780,78449,0.0,0.0,0.0,0.0,0.0,0.0,0.0,None,0.0,0.0,0.0,0.0,0.0,0,0.0,0.0,0.0,0.0,0.0,0.0,0.0,71469.541,1.0,30.0,0.036,0.0,0.0,0.0,0.0,0.0,0.3163304030895233,0,0,0,0,0,0,0,0,1
EIC,EIC_offshorewind_class3_moderate_fixed_0_7,OffShoreWind_Class3_Moderate_fixed_0,7,1,1,0,0.0,0.0,0.0,0.0,0.0,1,1.0,0.0,67776.1,0.0,0.0,1.732074611e6,156712,78449,0.0,0.0,0.0,0.0,0.0,0.0,0.0,None,0.0,0.0,0.0,0.0,0.0,0,0.0,0.0,0.0,0.0,0.0,0.0,0.0,61401.271,1.0,30.0,0.036,0.0,0.0,0.0,0.0,0.0,0.2963902056217193,0,0,0,0,0,0,0,0,1
EIC,EIC_offshorewind_class3_moderate_fixed_0_8,OffShoreWind_Class3_Moderate_fixed_0,8,1,1,0,0.0,0.0,0.0,0.0,0.0,1,1.0,0.0,107060.4,0.0,0.0,1.732074611e6,158458,78449,0.0,0.0,0.0,0.0,0.0,0.0,0.0,None,0.0,0.0,0.0,0.0,0.0,0,0.0,0.0,0.0,0.0,0.0,0.0,0.0,63147.691,1.0,30.0,0.036,0.0,0.0,0.0,0.0,0.0,0.2602111995220184,0,0,0,0,0,0,0,0,1
EIC,EIC_offshorewind_class3_moderate_fixed_0_9,OffShoreWind_Class3_Moderate_fixed_0,9,1,1,0,0.0,0.0,0.0,0.0,0.0,1,1.0,0.0,82288.0,0.0,0.0,1.732074611e6,163907,78449,0.0,0.0,0.0,0.0,0.0,0.0,0.0,None,0.0,0.0,0.0,0.0,0.0,0,0.0,0.0,0.0,0.0,0.0,0.0,0.0,68596.769,1.0,30.0,0.036,0.0,0.0,0.0,0.0,0.0,0.2950902283191681,0,0,0,0,0,0,0,0,1
EIC,EIC_offshorewind_class12_moderate_floating_1_0,OffShoreWind_Class12_Moderate_floating_1,0,1,1,0,0.0,0.0,0.0,0.0,0.0,1,1.0,0.0,2163.4,0.0,0.0,2.765423683e6,226643,68827,0.0,0.0,0.0,0.0,0.0,0.0,0.0,None,0.0,0.0,0.0,0.0,0.0,0,0.0,0.0,0.0,0.0,0.0,0.0,0.0,74470.406,1.0,30.0,0.036,0.0,0.0,0.0,0.0,0.0,0.4745121598243713,0,0,0,0,0,0,0,0,1
EIC,EIC_offshorewind_class12_moderate_floating_1_1,OffShoreWind_Class12_Moderate_floating_1,1,1,1,0,0.0,0.0,0.0,0.0,0.0,1,1.0,0.0,5110.6,0.0,0.0,2.765423683e6,225693,68827,0.0,0.0,0.0,0.0,0.0,0.0,0.0,None,0.0,0.0,0.0,0.0,0.0,0,0.0,0.0,0.0,0.0,0.0,0.0,0.0,73520.876,1.0,30.0,0.036,0.0,0.0,0.0,0.0,0.0,0.4542273283004761,0,0,0,0,0,0,0,0,1
EIC,EIC_offshorewind_class12_moderate_floating_1_2,OffShoreWind_Class12_Moderate_floating_1,2,1,1,0,0.0,0.0,0.0,0.0,0.0,1,1.0,0.0,5012.5,0.0,0.0,2.765423683e6,225032,68827,0.0,0.0,0.0,0.0,0.0,0.0,0.0,None,0.0,0.0,0.0,0.0,0.0,0,0.0,0.0,0.0,0.0,0.0,0.0,0.0,72859.236,1.0,30.0,0.036,0.0,0.0,0.0,0.0,0.0,0.4515711069107055,0,0,0,0,0,0,0,0,1
EIC,EIC_offshorewind_class12_moderate_floating_1_3,OffShoreWind_Class12_Moderate_floating_1,3,1,1,0,0.0,0.0,0.0,0.0,0.0,1,1.0,0.0,2048.0,0.0,0.0,2.765423683e6,226880,68827,0.0,0.0,0.0,0.0,0.0,0.0,0.0,None,0.0,0.0,0.0,0.0,0.0,0,0.0,0.0,0.0,0.0,0.0,0.0,0.0,74707.733,1.0,30.0,0.036,0.0,0.0,0.0,0.0,0.0,0.4543125033378601,0,0,0,0,0,0,0,0,1
EIC,EIC_offshorewind_class12_moderate_floating_1_4,OffShoreWind_Class12_Moderate_floating_1,4,1,1,0,0.0,0.0,0.0,0.0,0.0,1,1.0,0.0,2173.2,0.0,0.0,2.765423683e6,245398,68827,0.0,0.0,0.0,0.0,0.0,0.0,0.0,None,0.0,0.0,0.0,0.0,0.0,0,0.0,0.0,0.0,0.0,0.0,0.0,0.0,93225.26,1.0,30.0,0.036,0.0,0.0,0.0,0.0,0.0,0.318198025226593,0,0,0,0,0,0,0,0,1
EIC,EIC_offshorewind_class12_moderate_floating_1_5,OffShoreWind_Class12_Moderate_floating_1,5,1,1,0,0.0,0.0,0.0,0.0,0.0,1,1.0,0.0,1728.8,0.0,0.0,2.765423683e6,227765,68827,0.0,0.0,0.0,0.0,0.0,0.0,0.0,None,0.0,0.0,0.0,0.0,0.0,0,0.0,0.0,0.0,0.0,0.0,0.0,0.0,75592.546,1.0,30.0,0.036,0.0,0.0,0.0,0.0,0.0,0.4527588486671448,0,0,0,0,0,0,0,0,1
EIC,EIC_offshorewind_class12_moderate_floating_1_6,OffShoreWind_Class12_Moderate_floating_1,6,1,1,0,0.0,0.0,0.0,0.0,0.0,1,1.0,0.0,4387.1,0.0,0.0,2.765423683e6,245590,68827,0.0,0.0,0.0,0.0,0.0,0.0,0.0,None,0.0,0.0,0.0,0.0,0.0,0,0.0,0.0,0.0,0.0,0.0,0.0,0.0,93417.498,1.0,30.0,0.036,0.0,0.0,0.0,0.0,0.0,0.3175086081027984,0,0,0,0,0,0,0,0,1
EIC,EIC_offshorewind_class12_moderate_floating_1_7,OffShoreWind_Class12_Moderate_floating_1,7,1,1,0,0.0,0.0,0.0,0.0,0.0,1,1.0,0.0,707.8,0.0,0.0,2.765423683e6,250950,68827,0.0,0.0,0.0,0.0,0.0,0.0,0.0,None,0.0,0.0,0.0,0.0,0.0,0,0.0,0.0,0.0,0.0,0.0,0.0,0.0,98777.364,1.0,30.0,0.036,0.0,0.0,0.0,0.0,0.0,0.3214982151985168,0,0,0,0,0,0,0,0,1
EIC,EIC_offshorewind_class12_moderate_floating_1_8,OffShoreWind_Class12_Moderate_floating_1,8,1,1,0,0.0,0.0,0.0,0.0,0.0,1,1.0,0.0,3673.7,0.0,0.0,2.765423683e6,246690,68827,0.0,0.0,0.0,0.0,0.0,0.0,0.0,None,0.0,0.0,0.0,0.0,0.0,0,0.0,0.0,0.0,0.0,0.0,0.0,0.0,94517.674,1.0,30.0,0.036,0.0,0.0,0.0,0.0,0.0,0.3175665736198425,0,0,0,0,0,0,0,0,1
EIC,EIC_offshorewind_class12_moderate_floating_1_9,OffShoreWind_Class12_Moderate_floating_1,9,1,1,0,0.0,0.0,0.0,0.0,0.0,1,1.0,0.0,1540.7,0.0,0.0,2.765423683e6,249118,68827,0.0,0.0,0.0,0.0,0.0,0.0,0.0,None,0.0,0.0,0.0,0.0,0.0,0,0.0,0.0,0.0,0.0,0.0,0.0,0.0,96945.107,1.0,30.0,0.036,0.0,0.0,0.0,0.0,0.0,0.3194457590579986,0,0,0,0,0,0,0,0,1
EIC,EIC_offshorewind_class12_moderate_floating_0_0,OffShoreWind_Class12_Moderate_floating_0,0,1,1,0,0.0,0.0,0.0,0.0,0.0,1,1.0,0.0,256900.0,0.0,0.0,2.765423683e6,226904,68827,0.0,0.0,0.0,0.0,0.0,0.0,0.0,None,0.0,0.0,0.0,0.0,0.0,0,0.0,0.0,0.0,0.0,0.0,0.0,0.0,74731.154,1.0,30.0,0.036,0.0,0.0,0.0,0.0,0.0,0.4911052584648132,0,0,0,0,0,0,0,0,1
EIC,EIC_offshorewind_class12_moderate_floating_0_1,OffShoreWind_Class12_Moderate_floating_0,1,1,1,0,0.0,0.0,0.0,0.0,0.0,1,1.0,0.0,26878.7,0.0,0.0,2.765423683e6,252214,68827,0.0,0.0,0.0,0.0,0.0,0.0,0.0,None,0.0,0.0,0.0,0.0,0.0,0,0.0,0.0,0.0,0.0,0.0,0.0,0.0,100041.08,1.0,30.0,0.036,0.0,0.0,0.0,0.0,0.0,0.5318893194198608,0,0,0,0,0,0,0,0,1
EIC,EIC_offshorewind_class12_moderate_floating_0_2,OffShoreWind_Class12_Moderate_floating_0,2,1,1,0,0.0,0.0,0.0,0.0,0.0,1,1.0,0.0,181377.6,0.0,0.0,2.765423683e6,225126,68827,0.0,0.0,0.0,0.0,0.0,0.0,0.0,None,0.0,0.0,0.0,0.0,0.0,0,0.0,0.0,0.0,0.0,0.0,0.0,0.0,72953.853,1.0,30.0,0.036,0.0,0.0,0.0,0.0,0.0,0.4666028618812561,0,0,0,0,0,0,0,0,1
EIC,EIC_offshorewind_class12_moderate_floating_0_3,OffShoreWind_Class12_Moderate_floating_0,3,1,1,0,0.0,0.0,0.0,0.0,0.0,1,1.0,0.0,102548.1,0.0,0.0,2.765423683e6,251183,68827,0.0,0.0,0.0,0.0,0.0,0.0,0.0,None,0.0,0.0,0.0,0.0,0.0,0,0.0,0.0,0.0,0.0,0.0,0.0,0.0,99010.275,1.0,30.0,0.036,0.0,0.0,0.0,0.0,0.0,0.5009571313858032,0,0,0,0,0,0,0,0,1
EIC,EIC_offshorewind_class12_moderate_floating_0_4,OffShoreWind_Class12_Moderate_floating_0,4,1,1,0,0.0,0.0,0.0,0.0,0.0,1,1.0,0.0,179762.4,0.0,0.0,2.765423683e6,230976,68827,0.0,0.0,0.0,0.0,0.0,0.0,0.0,None,0.0,0.0,0.0,0.0,0.0,0,0.0,0.0,0.0,0.0,0.0,0.0,0.0,78803.365,1.0,30.0,0.036,0.0,0.0,0.0,0.0,0.0,0.4631390869617462,0,0,0,0,0,0,0,0,1
EIC,EIC_offshorewind_class12_moderate_floating_0_5,OffShoreWind_Class12_Moderate_floating_0,5,1,1,0,0.0,0.0,0.0,0.0,0.0,1,1.0,0.0,125493.1,0.0,0.0,2.765423683e6,232264,68827,0.0,0.0,0.0,0.0,0.0,0.0,0.0,None,0.0,0.0,0.0,0.0,0.0,0,0.0,0.0,0.0,0.0,0.0,0.0,0.0,80091.633,1.0,30.0,0.036,0.0,0.0,0.0,0.0,0.0,0.4957830011844635,0,0,0,0,0,0,0,0,1
EIC,EIC_offshorewind_class12_moderate_floating_0_6,OffShoreWind_Class12_Moderate_floating_0,6,1,1,0,0.0,0.0,0.0,0.0,0.0,1,1.0,0.0,95482.5,0.0,0.0,2.765423683e6,235675,68827,0.0,0.0,0.0,0.0,0.0,0.0,0.0,None,0.0,0.0,0.0,0.0,0.0,0,0.0,0.0,0.0,0.0,0.0,0.0,0.0,83502.29,1.0,30.0,0.036,0.0,0.0,0.0,0.0,0.0,0.3515189886093139,0,0,0,0,0,0,0,0,1
EIC,EIC_offshorewind_class12_moderate_floating_0_7,OffShoreWind_Class12_Moderate_floating_0,7,1,1,0,0.0,0.0,0.0,0.0,0.0,1,1.0,0.0,206863.2,0.0,0.0,2.765423683e6,232756,68827,0.0,0.0,0.0,0.0,0.0,0.0,0.0,None,0.0,0.0,0.0,0.0,0.0,0,0.0,0.0,0.0,0.0,0.0,0.0,0.0,80583.66,1.0,30.0,0.036,0.0,0.0,0.0,0.0,0.0,0.4490938484668731,0,0,0,0,0,0,0,0,1
EIC,EIC_offshorewind_class12_moderate_floating_0_8,OffShoreWind_Class12_Moderate_floating_0,8,1,1,0,0.0,0.0,0.0,0.0,0.0,1,1.0,0.0,188017.0,0.0,0.0,2.765423683e6,239014,68827,0.0,0.0,0.0,0.0,0.0,0.0,0.0,None,0.0,0.0,0.0,0.0,0.0,0,0.0,0.0,0.0,0.0,0.0,0.0,0.0,86841.574,1.0,30.0,0.036,0.0,0.0,0.0,0.0,0.0,0.3141512870788574,0,0,0,0,0,0,0,0,1
EIC,EIC_offshorewind_class12_moderate_floating_0_9,OffShoreWind_Class12_Moderate_floating_0,9,1,1,0,0.0,0.0,0.0,0.0,0.0,1,1.0,0.0,58127.1,0.0,0.0,2.765423683e6,220912,68827,0.0,0.0,0.0,0.0,0.0,0.0,0.0,None,0.0,0.0,0.0,0.0,0.0,0,0.0,0.0,0.0,0.0,0.0,0.0,0.0,68739.976,1.0,30.0,0.036,0.0,0.0,0.0,0.0,0.0,0.2930057048797607,0,0,0,0,0,0,0,0,1
TRE,TRE_landbasedwind_class1_moderate_0,LandbasedWind_Class1_Moderate_,0,2,1,0,0.0,0.0,0.0,0.0,0.0,1,1.0,0.0,44186.6,0.0,0.0,879445.731,59145,36613,0.0,0.0,0.0,0.0,0.0,0.0,0.0,None,0.0,0.0,0.0,0.0,0.0,0,0.0,0.0,0.0,0.0,0.0,0.0,0.0,17503.381,0.933,30.0,0.03,0.0,0.0,0.0,0.0,0.0,0.4688116908073425,0,0,0,0,0,0,0,0,1
TRE,TRE_landbasedwind_class1_moderate_1,LandbasedWind_Class1_Moderate_,1,2,1,0,0.0,0.0,0.0,0.0,0.0,1,1.0,0.0,49050.9,0.0,0.0,879445.731,66742,36613,0.0,0.0,0.0,0.0,0.0,0.0,0.0,None,0.0,0.0,0.0,0.0,0.0,0,0.0,0.0,0.0,0.0,0.0,0.0,0.0,25100.501,0.933,30.0,0.03,0.0,0.0,0.0,0.0,0.0,0.5135576725006104,0,0,0,0,0,0,0,0,1
TRE,TRE_landbasedwind_class1_moderate_2,LandbasedWind_Class1_Moderate_,2,2,1,0,0.0,0.0,0.0,0.0,0.0,1,1.0,0.0,60602.4,0.0,0.0,879445.731,62067,36613,0.0,0.0,0.0,0.0,0.0,0.0,0.0,None,0.0,0.0,0.0,0.0,0.0,0,0.0,0.0,0.0,0.0,0.0,0.0,0.0,20425.987,0.933,30.0,0.03,0.0,0.0,0.0,0.0,0.0,0.4363199174404144,0,0,0,0,0,0,0,0,1
TRE,TRE_landbasedwind_class1_moderate_3,LandbasedWind_Class1_Moderate_,3,2,1,0,0.0,0.0,0.0,0.0,0.0,1,1.0,0.0,31922.2,0.0,0.0,879445.731,77411,36613,0.0,0.0,0.0,0.0,0.0,0.0,0.0,None,0.0,0.0,0.0,0.0,0.0,0,0.0,0.0,0.0,0.0,0.0,0.0,0.0,35769.383,0.933,30.0,0.03,0.0,0.0,0.0,0.0,0.0,0.4875296652317047,0,0,0,0,0,0,0,0,1
TRE,TRE_landbasedwind_class1_moderate_4,LandbasedWind_Class1_Moderate_,4,2,1,0,0.0,0.0,0.0,0.0,0.0,1,1.0,0.0,61867.4,0.0,0.0,879445.731,75515,36613,0.0,0.0,0.0,0.0,0.0,0.0,0.0,None,0.0,0.0,0.0,0.0,0.0,0,0.0,0.0,0.0,0.0,0.0,0.0,0.0,33873.293,0.933,30.0,0.03,0.0,0.0,0.0,0.0,0.0,0.4447067081928253,0,0,0,0,0,0,0,0,1
TRE,TRE_landbasedwind_class1_moderate_5,LandbasedWind_Class1_Moderate_,5,2,1,0,0.0,0.0,0.0,0.0,0.0,1,1.0,0.0,30104.0,0.0,0.0,879445.731,55167,36613,0.0,0.0,0.0,0.0,0.0,0.0,0.0,None,0.0,0.0,0.0,0.0,0.0,0,0.0,0.0,0.0,0.0,0.0,0.0,0.0,13525.793,0.933,30.0,0.03,0.0,0.0,0.0,0.0,0.0,0.3855383992195129,0,0,0,0,0,0,0,0,1
TRE,TRE_landbasedwind_class1_moderate_6,LandbasedWind_Class1_Moderate_,6,2,1,0,0.0,0.0,0.0,0.0,0.0,1,1.0,0.0,57758.4,0.0,0.0,879445.731,65384,36613,0.0,0.0,0.0,0.0,0.0,0.0,0.0,None,0.0,0.0,0.0,0.0,0.0,0,0.0,0.0,0.0,0.0,0.0,0.0,0.0,23742.775,0.933,30.0,0.03,0.0,0.0,0.0,0.0,0.0,0.3716546297073364,0,0,0,0,0,0,0,0,1
TRE,TRE_landbasedwind_class1_moderate_7,LandbasedWind_Class1_Moderate_,7,2,1,0,0.0,0.0,0.0,0.0,0.0,1,1.0,0.0,37670.6,0.0,0.0,879445.731,82600,36613,0.0,0.0,0.0,0.0,0.0,0.0,0.0,None,0.0,0.0,0.0,0.0,0.0,0,0.0,0.0,0.0,0.0,0.0,0.0,0.0,40958.856,0.933,30.0,0.03,0.0,0.0,0.0,0.0,0.0,0.4287576675415039,0,0,0,0,0,0,0,0,1
TRE,TRE_landbasedwind_class1_moderate_8,LandbasedWind_Class1_Moderate_,8,2,1,0,0.0,0.0,0.0,0.0,0.0,1,1.0,0.0,81812.8,0.0,0.0,879445.731,81167,36613,0.0,0.0,0.0,0.0,0.0,0.0,0.0,None,0.0,0.0,0.0,0.0,0.0,0,0.0,0.0,0.0,0.0,0.0,0.0,0.0,39525.152,0.933,30.0,0.03,0.0,0.0,0.0,0.0,0.0,0.3412910401821136,0,0,0,0,0,0,0,0,1
TRE,TRE_landbasedwind_class1_moderate_9,LandbasedWind_Class1_Moderate_,9,2,1,0,0.0,0.0,0.0,0.0,0.0,1,1.0,0.0,12145.4,0.0,0.0,879445.731,89308,36613,0.0,0.0,0.0,0.0,0.0,0.0,0.0,None,0.0,0.0,0.0,0.0,0.0,0,0.0,0.0,0.0,0.0,0.0,0.0,0.0,47666.02,0.933,30.0,0.03,0.0,0.0,0.0,0.0,0.0,0.2595709562301636,0,0,0,0,0,0,0,0,1
TRE,TRE_utilitypv_class1_moderate_0,UtilityPV_Class1_Moderate_,0,2,1,0,0.0,0.0,0.0,0.0,0.0,1,1.0,0.0,391008.1,0.0,0.0,630556.245,39072,14425,0.0,0.0,0.0,0.0,0.0,0.0,0.0,None,0.0,0.0,0.0,0.0,0.0,0,0.0,0.0,0.0,0.0,0.0,0.0,0.0,9617.573,0.968,30.0,0.026,0.0,0.0,0.0,0.0,0.0,0.260668009519577,0,0,0,0,0,0,0,0,1
TRE,TRE_utilitypv_class1_moderate_1,UtilityPV_Class1_Moderate_,1,2,1,0,0.0,0.0,0.0,0.0,0.0,1,1.0,0.0,172885.2,0.0,0.0,630556.245,36769,14425,0.0,0.0,0.0,0.0,0.0,0.0,0.0,None,0.0,0.0,0.0,0.0,0.0,0,0.0,0.0,0.0,0.0,0.0,0.0,0.0,7314.634,0.968,30.0,0.026,0.0,0.0,0.0,0.0,0.0,0.2503046691417694,0,0,0,0,0,0,0,0,1
TRE,TRE_utilitypv_class1_moderate_2,UtilityPV_Class1_Moderate_,2,2,1,0,0.0,0.0,0.0,0.0,0.0,1,1.0,0.0,506248.2,0.0,0.0,630556.245,43363,14425,0.0,0.0,0.0,0.0,0.0,0.0,0.0,None,0.0,0.0,0.0,0.0,0.0,0,0.0,0.0,0.0,0.0,0.0,0.0,0.0,13908.126,0.968,30.0,0.026,0.0,0.0,0.0,0.0,0.0,0.2535984814167022,0,0,0,0,0,0,0,0,1
TRE,TRE_utilitypv_class1_moderate_3,UtilityPV_Class1_Moderate_,3,2,1,0,0.0,0.0,0.0,0.0,0.0,1,1.0,0.0,256687.7,0.0,0.0,630556.245,47712,14425,0.0,0.0,0.0,0.0,0.0,0.0,0.0,None,0.0,0.0,0.0,0.0,0.0,0,0.0,0.0,0.0,0.0,0.0,0.0,0.0,18257.047,0.968,30.0,0.026,0.0,0.0,0.0,0.0,0.0,0.2667713761329651,0,0,0,0,0,0,0,0,1
TRE,TRE_utilitypv_class1_moderate_4,UtilityPV_Class1_Moderate_,4,2,1,0,0.0,0.0,0.0,0.0,0.0,1,1.0,0.0,566317.4,0.0,0.0,630556.245,56516,14425,0.0,0.0,0.0,0.0,0.0,0.0,0.0,None,0.0,0.0,0.0,0.0,0.0,0,0.0,0.0,0.0,0.0,0.0,0.0,0.0,27061.205,0.968,30.0,0.026,0.0,0.0,0.0,0.0,0.0,0.2753448188304901,0,0,0,0,0,0,0,0,1
TRE,TRE_utilitypv_class1_moderate_5,UtilityPV_Class1_Moderate_,5,2,1,0,0.0,0.0,0.0,0.0,0.0,1,1.0,0.0,283789.6,0.0,0.0,630556.245,48856,14425,0.0,0.0,0.0,0.0,0.0,0.0,0.0,None,0.0,0.0,0.0,0.0,0.0,0,0.0,0.0,0.0,0.0,0.0,0.0,0.0,19401.46,0.968,30.0,0.026,0.0,0.0,0.0,0.0,0.0,0.2534067332744598,0,0,0,0,0,0,0,0,1
TRE,TRE_utilitypv_class1_moderate_6,UtilityPV_Class1_Moderate_,6,2,1,0,0.0,0.0,0.0,0.0,0.0,1,1.0,0.0,593081.5,0.0,0.0,630556.245,65789,14425,0.0,0.0,0.0,0.0,0.0,0.0,0.0,None,0.0,0.0,0.0,0.0,0.0,0,0.0,0.0,0.0,0.0,0.0,0.0,0.0,36334.298,0.968,30.0,0.026,0.0,0.0,0.0,0.0,0.0,0.2855913341045379,0,0,0,0,0,0,0,0,1
TRE,TRE_utilitypv_class1_moderate_7,UtilityPV_Class1_Moderate_,7,2,1,0,0.0,0.0,0.0,0.0,0.0,1,1.0,0.0,288773.5,0.0,0.0,630556.245,54705,14425,0.0,0.0,0.0,0.0,0.0,0.0,0.0,None,0.0,0.0,0.0,0.0,0.0,0,0.0,0.0,0.0,0.0,0.0,0.0,0.0,25250.432,0.968,30.0,0.026,0.0,0.0,0.0,0.0,0.0,0.2529091835021972,0,0,0,0,0,0,0,0,1
TRE,TRE_utilitypv_class1_moderate_8,UtilityPV_Class1_Moderate_,8,2,1,0,0.0,0.0,0.0,0.0,0.0,1,1.0,0.0,578927.2,0.0,0.0,630556.245,74896,14425,0.0,0.0,0.0,0.0,0.0,0.0,0.0,None,0.0,0.0,0.0,0.0,0.0,0,0.0,0.0,0.0,0.0,0.0,0.0,0.0,45441.156,0.968,30.0,0.026,0.0,0.0,0.0,0.0,0.0,0.2865871489048004,0,0,0,0,0,0,0,0,1
TRE,TRE_utilitypv_class1_moderate_9,UtilityPV_Class1_Moderate_,9,2,1,0,0.0,0.0,0.0,0.0,0.0,1,1.0,0.0,251384.8,0.0,0.0,630556.245,60751,14425,0.0,0.0,0.0,0.0,0.0,0.0,0.0,None,0.0,0.0,0.0,0.0,0.0,0,0.0,0.0,0.0,0.0,0.0,0.0,0.0,31296.317,0.968,30.0,0.026,0.0,0.0,0.0,0.0,0.0,0.24930040538311,0,0,0,0,0,0,0,0,1
TRE,TRE_offshorewind_class3_moderate_fixed_1_0,OffShoreWind_Class3_Moderate_fixed_1,0,2,1,0,0.0,0.0,0.0,0.0,0.0,1,1.0,0.0,18388.7,0.0,0.0,1.732074611e6,163630,78449,0.0,0.0,0.0,0.0,0.0,0.0,0.0,None,0.0,0.0,0.0,0.0,0.0,0,0.0,0.0,0.0,0.0,0.0,0.0,0.0,70542.394,0.977,30.0,0.036,0.0,0.0,0.0,0.0,0.0,0.3914285004138946,0,0,0,0,0,0,0,0,1
TRE,TRE_offshorewind_class3_moderate_fixed_1_1,OffShoreWind_Class3_Moderate_fixed_1,1,2,1,0,0.0,0.0,0.0,0.0,0.0,1,1.0,0.0,23555.6,0.0,0.0,1.732074611e6,173242,78449,0.0,0.0,0.0,0.0,0.0,0.0,0.0,None,0.0,0.0,0.0,0.0,0.0,0,0.0,0.0,0.0,0.0,0.0,0.0,0.0,80154.023,0.977,30.0,0.036,0.0,0.0,0.0,0.0,0.0,0.4230102300643921,0,0,0,0,0,0,0,0,1
TRE,TRE_offshorewind_class3_moderate_fixed_1_2,OffShoreWind_Class3_Moderate_fixed_1,2,2,1,0,0.0,0.0,0.0,0.0,0.0,1,1.0,0.0,32435.0,0.0,0.0,1.732074611e6,152377,78449,0.0,0.0,0.0,0.0,0.0,0.0,0.0,None,0.0,0.0,0.0,0.0,0.0,0,0.0,0.0,0.0,0.0,0.0,0.0,0.0,59289.505,0.977,30.0,0.036,0.0,0.0,0.0,0.0,0.0,0.3602459728717804,0,0,0,0,0,0,0,0,1
TRE,TRE_offshorewind_class3_moderate_fixed_1_3,OffShoreWind_Class3_Moderate_fixed_1,3,2,1,0,0.0,0.0,0.0,0.0,0.0,1,1.0,0.0,10415.8,0.0,0.0,1.732074611e6,159585,78449,0.0,0.0,0.0,0.0,0.0,0.0,0.0,None,0.0,0.0,0.0,0.0,0.0,0,0.0,0.0,0.0,0.0,0.0,0.0,0.0,66497.331,0.977,30.0,0.036,0.0,0.0,0.0,0.0,0.0,0.3738483786582947,0,0,0,0,0,0,0,0,1
TRE,TRE_offshorewind_class3_moderate_fixed_1_4,OffShoreWind_Class3_Moderate_fixed_1,4,2,1,0,0.0,0.0,0.0,0.0,0.0,1,1.0,0.0,41306.1,0.0,0.0,1.732074611e6,155323,78449,0.0,0.0,0.0,0.0,0.0,0.0,0.0,None,0.0,0.0,0.0,0.0,0.0,0,0.0,0.0,0.0,0.0,0.0,0.0,0.0,62235.204,0.977,30.0,0.036,0.0,0.0,0.0,0.0,0.0,0.3551328778266907,0,0,0,0,0,0,0,0,1
TRE,TRE_offshorewind_class3_moderate_fixed_1_5,OffShoreWind_Class3_Moderate_fixed_1,5,2,1,0,0.0,0.0,0.0,0.0,0.0,1,1.0,0.0,408.7,0.0,0.0,1.732074611e6,176190,78449,0.0,0.0,0.0,0.0,0.0,0.0,0.0,None,0.0,0.0,0.0,0.0,0.0,0,0.0,0.0,0.0,0.0,0.0,0.0,0.0,83102.186,0.977,30.0,0.036,0.0,0.0,0.0,0.0,0.0,0.3762750625610351,0,0,0,0,0,0,0,0,1
TRE,TRE_offshorewind_class3_moderate_fixed_1_6,OffShoreWind_Class3_Moderate_fixed_1,6,2,1,0,0.0,0.0,0.0,0.0,0.0,1,1.0,0.0,22661.2,0.0,0.0,1.732074611e6,161376,78449,0.0,0.0,0.0,0.0,0.0,0.0,0.0,None,0.0,0.0,0.0,0.0,0.0,0,0.0,0.0,0.0,0.0,0.0,0.0,0.0,68288.699,0.977,30.0,0.036,0.0,0.0,0.0,0.0,0.0,0.3492127656936645,0,0,0,0,0,0,0,0,1
TRE,TRE_offshorewind_class3_moderate_fixed_1_7,OffShoreWind_Class3_Moderate_fixed_1,7,2,1,0,0.0,0.0,0.0,0.0,0.0,1,1.0,0.0,19017.9,0.0,0.0,1.732074611e6,166237,78449,0.0,0.0,0.0,0.0,0.0,0.0,0.0,None,0.0,0.0,0.0,0.0,0.0,0,0.0,0.0,0.0,0.0,0.0,0.0,0.0,73149.361,0.977,30.0,0.036,0.0,0.0,0.0,0.0,0.0,0.3435081243515014,0,0,0,0,0,0,0,0,1
TRE,TRE_offshorewind_class3_moderate_fixed_1_8,OffShoreWind_Class3_Moderate_fixed_1,8,2,1,0,0.0,0.0,0.0,0.0,0.0,1,1.0,0.0,17931.3,0.0,0.0,1.732074611e6,175778,78449,0.0,0.0,0.0,0.0,0.0,0.0,0.0,None,0.0,0.0,0.0,0.0,0.0,0,0.0,0.0,0.0,0.0,0.0,0.0,0.0,82690.688,0.977,30.0,0.036,0.0,0.0,0.0,0.0,0.0,0.3300804495811462,0,0,0,0,0,0,0,0,1
TRE,TRE_offshorewind_class3_moderate_fixed_1_9,OffShoreWind_Class3_Moderate_fixed_1,9,2,1,0,0.0,0.0,0.0,0.0,0.0,1,1.0,0.0,18639.3,0.0,0.0,1.732074611e6,170772,78449,0.0,0.0,0.0,0.0,0.0,0.0,0.0,None,0.0,0.0,0.0,0.0,0.0,0,0.0,0.0,0.0,0.0,0.0,0.0,0.0,77684.254,0.977,30.0,0.036,0.0,0.0,0.0,0.0,0.0,0.3385494947433471,0,0,0,0,0,0,0,0,1
TRE,TRE_offshorewind_class3_moderate_fixed_0_0,OffShoreWind_Class3_Moderate_fixed_0,0,2,1,0,0.0,0.0,0.0,0.0,0.0,1,1.0,0.0,2277.0,0.0,0.0,1.732074611e6,161264,78449,0.0,0.0,0.0,0.0,0.0,0.0,0.0,None,0.0,0.0,0.0,0.0,0.0,0,0.0,0.0,0.0,0.0,0.0,0.0,0.0,68176.221,0.977,30.0,0.036,0.0,0.0,0.0,0.0,0.0,0.4745574593544006,0,0,0,0,0,0,0,0,1
TRE,TRE_offshorewind_class3_moderate_fixed_0_1,OffShoreWind_Class3_Moderate_fixed_0,1,2,1,0,0.0,0.0,0.0,0.0,0.0,1,1.0,0.0,1814.6,0.0,0.0,1.732074611e6,174863,78449,0.0,0.0,0.0,0.0,0.0,0.0,0.0,None,0.0,0.0,0.0,0.0,0.0,0,0.0,0.0,0.0,0.0,0.0,0.0,0.0,81775.315,0.977,30.0,0.036,0.0,0.0,0.0,0.0,0.0,0.5219442248344421,0,0,0,0,0,0,0,0,1
TRE,TRE_offshorewind_class3_moderate_fixed_0_2,OffShoreWind_Class3_Moderate_fixed_0,2,2,1,0,0.0,0.0,0.0,0.0,0.0,1,1.0,0.0,2116.2,0.0,0.0,1.732074611e6,146492,78449,0.0,0.0,0.0,0.0,0.0,0.0,0.0,None,0.0,0.0,0.0,0.0,0.0,0,0.0,0.0,0.0,0.0,0.0,0.0,0.0,53404.279,0.977,30.0,0.036,0.0,0.0,0.0,0.0,0.0,0.4159779846668243,0,0,0,0,0,0,0,0,1
TRE,TRE_offshorewind_class3_moderate_fixed_0_3,OffShoreWind_Class3_Moderate_fixed_0,3,2,1,0,0.0,0.0,0.0,0.0,0.0,1,1.0,0.0,1543.2,0.0,0.0,1.732074611e6,161862,78449,0.0,0.0,0.0,0.0,0.0,0.0,0.0,None,0.0,0.0,0.0,0.0,0.0,0,0.0,0.0,0.0,0.0,0.0,0.0,0.0,68774.693,0.977,30.0,0.036,0.0,0.0,0.0,0.0,0.0,0.4361916482448578,0,0,0,0,0,0,0,0,1
TRE,TRE_offshorewind_class3_moderate_fixed_0_4,OffShoreWind_Class3_Moderate_fixed_0,4,2,1,0,0.0,0.0,0.0,0.0,0.0,1,1.0,0.0,2595.7,0.0,0.0,1.732074611e6,170455,78449,0.0,0.0,0.0,0.0,0.0,0.0,0.0,None,0.0,0.0,0.0,0.0,0.0,0,0.0,0.0,0.0,0.0,0.0,0.0,0.0,77367.252,0.977,30.0,0.036,0.0,0.0,0.0,0.0,0.0,0.4296076893806457,0,0,0,0,0,0,0,0,1
TRE,TRE_offshorewind_class3_moderate_fixed_0_5,OffShoreWind_Class3_Moderate_fixed_0,5,2,1,0,0.0,0.0,0.0,0.0,0.0,1,1.0,0.0,1778.1,0.0,0.0,1.732074611e6,150204,78449,0.0,0.0,0.0,0.0,0.0,0.0,0.0,None,0.0,0.0,0.0,0.0,0.0,0,0.0,0.0,0.0,0.0,0.0,0.0,0.0,57116.494,0.977,30.0,0.036,0.0,0.0,0.0,0.0,0.0,0.4065980017185211,0,0,0,0,0,0,0,0,1
TRE,TRE_offshorewind_class3_moderate_fixed_0_6,OffShoreWind_Class3_Moderate_fixed_0,6,2,1,0,0.0,0.0,0.0,0.0,0.0,1,1.0,0.0,2785.7,0.0,0.0,1.732074611e6,155604,78449,0.0,0.0,0.0,0.0,0.0,0.0,0.0,None,0.0,0.0,0.0,0.0,0.0,0,0.0,0.0,0.0,0.0,0.0,0.0,0.0,62516.13,0.977,30.0,0.036,0.0,0.0,0.0,0.0,0.0,0.3926678895950317,0,0,0,0,0,0,0,0,1
TRE,TRE_offshorewind_class3_moderate_fixed_0_7,OffShoreWind_Class3_Moderate_fixed_0,7,2,1,0,0.0,0.0,0.0,0.0,0.0,1,1.0,0.0,897.6,0.0,0.0,1.732074611e6,179268,78449,0.0,0.0,0.0,0.0,0.0,0.0,0.0,None,0.0,0.0,0.0,0.0,0.0,0,0.0,0.0,0.0,0.0,0.0,0.0,0.0,86180.158,0.977,30.0,0.036,0.0,0.0,0.0,0.0,0.0,0.4212192893028259,0,0,0,0,0,0,0,0,1
TRE,TRE_offshorewind_class3_moderate_fixed_0_8,OffShoreWind_Class3_Moderate_fixed_0,8,2,1,0,0.0,0.0,0.0,0.0,0.0,1,1.0,0.0,3429.0,0.0,0.0,1.732074611e6,149244,78449,0.0,0.0,0.0,0.0,0.0,0.0,0.0,None,0.0,0.0,0.0,0.0,0.0,0,0.0,0.0,0.0,0.0,0.0,0.0,0.0,56156.379,0.977,30.0,0.036,0.0,0.0,0.0,0.0,0.0,0.3589244484901428,0,0,0,0,0,0,0,0,1
TRE,TRE_offshorewind_class3_moderate_fixed_0_9,OffShoreWind_Class3_Moderate_fixed_0,9,2,1,0,0.0,0.0,0.0,0.0,0.0,1,1.0,0.0,755.0,0.0,0.0,1.732074611e6,167969,78449,0.0,0.0,0.0,0.0,0.0,0.0,0.0,None,0.0,0.0,0.0,0.0,0.0,0,0.0,0.0,0.0,0.0,0.0,0.0,0.0,74881.889,0.977,30.0,0.036,0.0,0.0,0.0,0.0,0.0,0.3814802467823028,0,0,0,0,0,0,0,0,1
TRE,TRE_offshorewind_class12_moderate_floating_1_0,OffShoreWind_Class12_Moderate_floating_1,0,2,1,0,0.0,0.0,0.0,0.0,0.0,1,1.0,0.0,11206.9,0.0,0.0,2.765423683e6,236107,68827,0.0,0.0,0.0,0.0,0.0,0.0,0.0,None,0.0,0.0,0.0,0.0,0.0,0,0.0,0.0,0.0,0.0,0.0,0.0,0.0,87483.705,0.977,30.0,0.036,0.0,0.0,0.0,0.0,0.0,0.408994048833847,0,0,0,0,0,0,0,0,1
TRE,TRE_offshorewind_class12_moderate_floating_1_1,OffShoreWind_Class12_Moderate_floating_1,1,2,1,0,0.0,0.0,0.0,0.0,0.0,1,1.0,0.0,8796.0,0.0,0.0,2.765423683e6,237479,68827,0.0,0.0,0.0,0.0,0.0,0.0,0.0,None,0.0,0.0,0.0,0.0,0.0,0,0.0,0.0,0.0,0.0,0.0,0.0,0.0,88855.933,0.977,30.0,0.036,0.0,0.0,0.0,0.0,0.0,0.4162805080413818,0,0,0,0,0,0,0,0,1
TRE,TRE_offshorewind_class12_moderate_floating_1_2,OffShoreWind_Class12_Moderate_floating_1,2,2,1,0,0.0,0.0,0.0,0.0,0.0,1,1.0,0.0,15219.0,0.0,0.0,2.765423683e6,236758,68827,0.0,0.0,0.0,0.0,0.0,0.0,0.0,None,0.0,0.0,0.0,0.0,0.0,0,0.0,0.0,0.0,0.0,0.0,0.0,0.0,88134.901,0.977,30.0,0.036,0.0,0.0,0.0,0.0,0.0,0.4030101597309112,0,0,0,0,0,0,0,0,1
TRE,TRE_offshorewind_class12_moderate_floating_1_3,OffShoreWind_Class12_Moderate_floating_1,3,2,1,0,0.0,0.0,0.0,0.0,0.0,1,1.0,0.0,4221.8,0.0,0.0,2.765423683e6,241329,68827,0.0,0.0,0.0,0.0,0.0,0.0,0.0,None,0.0,0.0,0.0,0.0,0.0,0,0.0,0.0,0.0,0.0,0.0,0.0,0.0,92705.729,0.977,30.0,0.036,0.0,0.0,0.0,0.0,0.0,0.4094550013542175,0,0,0,0,0,0,0,0,1
TRE,TRE_offshorewind_class12_moderate_floating_1_4,OffShoreWind_Class12_Moderate_floating_1,4,2,1,0,0.0,0.0,0.0,0.0,0.0,1,1.0,0.0,7005.5,0.0,0.0,2.765423683e6,233101,68827,0.0,0.0,0.0,0.0,0.0,0.0,0.0,None,0.0,0.0,0.0,0.0,0.0,0,0.0,0.0,0.0,0.0,0.0,0.0,0.0,84477.648,0.977,30.0,0.036,0.0,0.0,0.0,0.0,0.0,0.3939734399318695,0,0,0,0,0,0,0,0,1
TRE,TRE_offshorewind_class12_moderate_floating_1_5,OffShoreWind_Class12_Moderate_floating_1,5,2,1,0,0.0,0.0,0.0,0.0,0.0,1,1.0,0.0,10023.9,0.0,0.0,2.765423683e6,242382,68827,0.0,0.0,0.0,0.0,0.0,0.0,0.0,None,0.0,0.0,0.0,0.0,0.0,0,0.0,0.0,0.0,0.0,0.0,0.0,0.0,93758.996,0.977,30.0,0.036,0.0,0.0,0.0,0.0,0.0,0.4028381407260895,0,0,0,0,0,0,0,0,1
TRE,TRE_offshorewind_class12_moderate_floating_1_6,OffShoreWind_Class12_Moderate_floating_1,6,2,1,0,0.0,0.0,0.0,0.0,0.0,1,1.0,0.0,12335.3,0.0,0.0,2.765423683e6,230400,68827,0.0,0.0,0.0,0.0,0.0,0.0,0.0,None,0.0,0.0,0.0,0.0,0.0,0,0.0,0.0,0.0,0.0,0.0,0.0,0.0,81776.105,0.977,30.0,0.036,0.0,0.0,0.0,0.0,0.0,0.3842875063419342,0,0,0,0,0,0,0,0,1
TRE,TRE_offshorewind_class12_moderate_floating_1_7,OffShoreWind_Class12_Moderate_floating_1,7,2,1,0,0.0,0.0,0.0,0.0,0.0,1,1.0,0.0,4418.7,0.0,0.0,2.765423683e6,244079,68827,0.0,0.0,0.0,0.0,0.0,0.0,0.0,None,0.0,0.0,0.0,0.0,0.0,0,0.0,0.0,0.0,0.0,0.0,0.0,0.0,95455.112,0.977,30.0,0.036,0.0,0.0,0.0,0.0,0.0,0.3978695273399353,0,0,0,0,0,0,0,0,1
TRE,TRE_offshorewind_class12_moderate_floating_1_8,OffShoreWind_Class12_Moderate_floating_1,8,2,1,0,0.0,0.0,0.0,0.0,0.0,1,1.0,0.0,15895.1,0.0,0.0,2.765423683e6,226192,68827,0.0,0.0,0.0,0.0,0.0,0.0,0.0,None,0.0,0.0,0.0,0.0,0.0,0,0.0,0.0,0.0,0.0,0.0,0.0,0.0,77568.332,0.977,30.0,0.036,0.0,0.0,0.0,0.0,0.0,0.3695276081562042,0,0,0,0,0,0,0,0,1
TRE,TRE_offshorewind_class12_moderate_floating_1_9,OffShoreWind_Class12_Moderate_floating_1,9,2,1,0,0.0,0.0,0.0,0.0,0.0,1,1.0,0.0,804.1,0.0,0.0,2.765423683e6,242702,68827,0.0,0.0,0.0,0.0,0.0,0.0,0.0,None,0.0,0.0,0.0,0.0,0.0,0,0.0,0.0,0.0,0.0,0.0,0.0,0.0,94078.993,0.977,30.0,0.036,0.0,0.0,0.0,0.0,0.0,0.3253690302371979,0,0,0,0,0,0,0,0,1
TRE,TRE_offshorewind_class12_moderate_floating_0_0,OffShoreWind_Class12_Moderate_floating_0,0,2,1,0,0.0,0.0,0.0,0.0,0.0,1,1.0,0.0,393.8,0.0,0.0,2.765423683e6,248509,68827,0.0,0.0,0.0,0.0,0.0,0.0,0.0,None,0.0,0.0,0.0,0.0,0.0,0,0.0,0.0,0.0,0.0,0.0,0.0,0.0,99885.391,0.977,30.0,0.036,0.0,0.0,0.0,0.0,0.0,0.4079999923706054,0,0,0,0,0,0,0,0,1
TRE,TRE_offshorewind_class12_moderate_floating_0_1,OffShoreWind_Class12_Moderate_floating_0,1,2,1,0,0.0,0.0,0.0,0.0,0.0,1,1.0,0.0,16.2,0.0,0.0,2.765423683e6,248328,68827,0.0,0.0,0.0,0.0,0.0,0.0,0.0,None,0.0,0.0,0.0,0.0,0.0,0,0.0,0.0,0.0,0.0,0.0,0.0,0.0,99704.963,0.977,30.0,0.036,0.0,0.0,0.0,0.0,0.0,0.4080000221729278,0,0,0,0,0,0,0,0,1
TRE,TRE_offshorewind_class12_moderate_floating_0_2,OffShoreWind_Class12_Moderate_floating_0,2,2,1,0,0.0,0.0,0.0,0.0,0.0,1,1.0,0.0,227.9,0.0,0.0,2.765423683e6,246127,68827,0.0,0.0,0.0,0.0,0.0,0.0,0.0,None,0.0,0.0,0.0,0.0,0.0,0,0.0,0.0,0.0,0.0,0.0,0.0,0.0,97503.222,0.977,30.0,0.036,0.0,0.0,0.0,0.0,0.0,0.402999997138977,0,0,0,0,0,0,0,0,1
TRE,TRE_offshorewind_class12_moderate_floating_0_3,OffShoreWind_Class12_Moderate_floating_0,3,2,1,0,0.0,0.0,0.0,0.0,0.0,1,1.0,0.0,19.9,0.0,0.0,2.765423683e6,248742,68827,0.0,0.0,0.0,0.0,0.0,0.0,0.0,None,0.0,0.0,0.0,0.0,0.0,0,0.0,0.0,0.0,0.0,0.0,0.0,0.0,100118.903,0.977,30.0,0.036,0.0,0.0,0.0,0.0,0.0,0.4080000221729278,0,0,0,0,0,0,0,0,1
TRE,TRE_offshorewind_class12_moderate_floating_0_4,OffShoreWind_Class12_Moderate_floating_0,4,2,1,0,0.0,0.0,0.0,0.0,0.0,1,1.0,0.0,116.0,0.0,0.0,2.765423683e6,246870,68827,0.0,0.0,0.0,0.0,0.0,0.0,0.0,None,0.0,0.0,0.0,0.0,0.0,0,0.0,0.0,0.0,0.0,0.0,0.0,0.0,98246.961,0.977,30.0,0.036,0.0,0.0,0.0,0.0,0.0,0.4029999673366546,0,0,0,0,0,0,0,0,1
TRE,TRE_offshorewind_class12_moderate_floating_0_5,OffShoreWind_Class12_Moderate_floating_0,5,2,1,0,0.0,0.0,0.0,0.0,0.0,1,1.0,0.0,10.0,0.0,0.0,2.765423683e6,246322,68827,0.0,0.0,0.0,0.0,0.0,0.0,0.0,None,0.0,0.0,0.0,0.0,0.0,0,0.0,0.0,0.0,0.0,0.0,0.0,0.0,97698.551,0.977,30.0,0.036,0.0,0.0,0.0,0.0,0.0,0.402999997138977,0,0,0,0,0,0,0,0,1
TRE,TRE_offshorewind_class12_moderate_floating_0_6,OffShoreWind_Class12_Moderate_floating_0,6,2,1,0,0.0,0.0,0.0,0.0,0.0,1,1.0,0.0,166.5,0.0,0.0,2.765423683e6,246414,68827,0.0,0.0,0.0,0.0,0.0,0.0,0.0,None,0.0,0.0,0.0,0.0,0.0,0,0.0,0.0,0.0,0.0,0.0,0.0,0.0,97790.387,0.977,30.0,0.036,0.0,0.0,0.0,0.0,0.0,0.398999959230423,0,0,0,0,0,0,0,0,1
TRE,TRE_offshorewind_class12_moderate_floating_0_7,OffShoreWind_Class12_Moderate_floating_0,7,2,1,0,0.0,0.0,0.0,0.0,0.0,1,1.0,0.0,10.0,0.0,0.0,2.765423683e6,246265,68827,0.0,0.0,0.0,0.0,0.0,0.0,0.0,None,0.0,0.0,0.0,0.0,0.0,0,0.0,0.0,0.0,0.0,0.0,0.0,0.0,97641.159,0.977,30.0,0.036,0.0,0.0,0.0,0.0,0.0,0.3989999890327453,0,0,0,0,0,0,0,0,1
TRE,TRE_offshorewind_class12_moderate_floating_0_8,OffShoreWind_Class12_Moderate_floating_0,8,2,1,0,0.0,0.0,0.0,0.0,0.0,1,1.0,0.0,225.5,0.0,0.0,2.765423683e6,245940,68827,0.0,0.0,0.0,0.0,0.0,0.0,0.0,None,0.0,0.0,0.0,0.0,0.0,0,0.0,0.0,0.0,0.0,0.0,0.0,0.0,97316.044,0.977,30.0,0.036,0.0,0.0,0.0,0.0,0.0,0.3959999978542328,0,0,0,0,0,0,0,0,1
TRE,TRE_offshorewind_class12_moderate_floating_0_9,OffShoreWind_Class12_Moderate_floating_0,9,2,1,0,0.0,0.0,0.0,0.0,0.0,1,1.0,0.0,42.2,0.0,0.0,2.765423683e6,246062,68827,0.0,0.0,0.0,0.0,0.0,0.0,0.0,None,0.0,0.0,0.0,0.0,0.0,0,0.0,0.0,0.0,0.0,0.0,0.0,0.0,97438.45,0.977,30.0,0.036,0.0,0.0,0.0,0.0,0.0,0.3959999978542328,0,0,0,0,0,0,0,0,1
WECC,WECC_landbasedwind_class1_moderate_0,LandbasedWind_Class1_Moderate_,0,3,1,0,0.0,0.0,0.0,0.0,0.0,1,1.0,0.0,305490.5,0.0,0.0,879445.731,109573,36613,0.0,0.0,0.0,0.0,0.0,0.0,0.0,None,0.0,0.0,0.0,0.0,0.0,0,0.0,0.0,0.0,0.0,0.0,0.0,0.0,35658.682,1.657,30.0,0.03,0.0,0.0,0.0,0.0,0.0,0.4743931889533996,0,0,0,0,0,0,0,0,1
WECC,WECC_landbasedwind_class1_moderate_1,LandbasedWind_Class1_Moderate_,1,3,1,0,0.0,0.0,0.0,0.0,0.0,1,1.0,0.0,104200.7,0.0,0.0,879445.731,98107,36613,0.0,0.0,0.0,0.0,0.0,0.0,0.0,None,0.0,0.0,0.0,0.0,0.0,0,0.0,0.0,0.0,0.0,0.0,0.0,0.0,24192.925,1.657,30.0,0.03,0.0,0.0,0.0,0.0,0.0,0.4156419932842254,0,0,0,0,0,0,0,0,1
WECC,WECC_landbasedwind_class1_moderate_2,LandbasedWind_Class1_Moderate_,2,3,1,0,0.0,0.0,0.0,0.0,0.0,1,1.0,0.0,284135.6,0.0,0.0,879445.731,118826,36613,0.0,0.0,0.0,0.0,0.0,0.0,0.0,None,0.0,0.0,0.0,0.0,0.0,0,0.0,0.0,0.0,0.0,0.0,0.0,0.0,44911.007,1.657,30.0,0.03,0.0,0.0,0.0,0.0,0.0,0.4115008413791656,0,0,0,0,0,0,0,0,1
WECC,WECC_landbasedwind_class1_moderate_3,LandbasedWind_Class1_Moderate_,3,3,1,0,0.0,0.0,0.0,0.0,0.0,1,1.0,0.0,90189.0,0.0,0.0,879445.731,98091,36613,0.0,0.0,0.0,0.0,0.0,0.0,0.0,None,0.0,0.0,0.0,0.0,0.0,0,0.0,0.0,0.0,0.0,0.0,0.0,0.0,24176.712,1.657,30.0,0.03,0.0,0.0,0.0,0.0,0.0,0.3315784931182861,0,0,0,0,0,0,0,0,1
WECC,WECC_landbasedwind_class1_moderate_4,LandbasedWind_Class1_Moderate_,4,3,1,0,0.0,0.0,0.0,0.0,0.0,1,1.0,0.0,255663.6,0.0,0.0,879445.731,110425,36613,0.0,0.0,0.0,0.0,0.0,0.0,0.0,None,0.0,0.0,0.0,0.0,0.0,0,0.0,0.0,0.0,0.0,0.0,0.0,0.0,36510.447,1.657,30.0,0.03,0.0,0.0,0.0,0.0,0.0,0.3121059238910675,0,0,0,0,0,0,0,0,1
WECC,WECC_landbasedwind_class1_moderate_5,LandbasedWind_Class1_Moderate_,5,3,1,0,0.0,0.0,0.0,0.0,0.0,1,1.0,0.0,101837.7,0.0,0.0,879445.731,127253,36613,0.0,0.0,0.0,0.0,0.0,0.0,0.0,None,0.0,0.0,0.0,0.0,0.0,0,0.0,0.0,0.0,0.0,0.0,0.0,0.0,53338.887,1.657,30.0,0.03,0.0,0.0,0.0,0.0,0.0,0.3975534439086914,0,0,0,0,0,0,0,0,1
WECC,WECC_landbasedwind_class1_moderate_6,LandbasedWind_Class1_Moderate_,6,3,1,0,0.0,0.0,0.0,0.0,0.0,1,1.0,0.0,164832.0,0.0,0.0,879445.731,120312,36613,0.0,0.0,0.0,0.0,0.0,0.0,0.0,None,0.0,0.0,0.0,0.0,0.0,0,0.0,0.0,0.0,0.0,0.0,0.0,0.0,46397.978,1.657,30.0,0.03,0.0,0.0,0.0,0.0,0.0,0.305006206035614,0,0,0,0,0,0,0,0,1
WECC,WECC_landbasedwind_class1_moderate_7,LandbasedWind_Class1_Moderate_,7,3,1,0,0.0,0.0,0.0,0.0,0.0,1,1.0,0.0,179117.4,0.0,0.0,879445.731,108490,36613,0.0,0.0,0.0,0.0,0.0,0.0,0.0,None,0.0,0.0,0.0,0.0,0.0,0,0.0,0.0,0.0,0.0,0.0,0.0,0.0,34575.917,1.657,30.0,0.03,0.0,0.0,0.0,0.0,0.0,0.2485047429800033,0,0,0,0,0,0,0,0,1
WECC,WECC_landbasedwind_class1_moderate_8,LandbasedWind_Class1_Moderate_,8,3,1,0,0.0,0.0,0.0,0.0,0.0,1,1.0,0.0,264065.6,0.0,0.0,879445.731,115612,36613,0.0,0.0,0.0,0.0,0.0,0.0,0.0,None,0.0,0.0,0.0,0.0,0.0,0,0.0,0.0,0.0,0.0,0.0,0.0,0.0,41697.208,1.657,30.0,0.03,0.0,0.0,0.0,0.0,0.0,0.216909185051918,0,0,0,0,0,0,0,0,1
WECC,WECC_landbasedwind_class1_moderate_9,LandbasedWind_Class1_Moderate_,9,3,1,0,0.0,0.0,0.0,0.0,0.0,1,1.0,0.0,41074.8,0.0,0.0,879445.731,116024,36613,0.0,0.0,0.0,0.0,0.0,0.0,0.0,None,0.0,0.0,0.0,0.0,0.0,0,0.0,0.0,0.0,0.0,0.0,0.0,0.0,42109.243,1.657,30.0,0.03,0.0,0.0,0.0,0.0,0.0,0.2850912809371948,0,0,0,0,0,0,0,0,1
WECC,WECC_utilitypv_class1_moderate_0,UtilityPV_Class1_Moderate_,0,3,1,0,0.0,0.0,0.0,0.0,0.0,1,1.0,0.0,776591.6,0.0,0.0,630556.245,48330,14425,0.0,0.0,0.0,0.0,0.0,0.0,0.0,None,0.0,0.0,0.0,0.0,0.0,0,0.0,0.0,0.0,0.0,0.0,0.0,0.0,16133.332,1.059,30.0,0.026,0.0,0.0,0.0,0.0,0.0,0.2759785056114197,0,0,0,0,0,0,0,0,1
WECC,WECC_utilitypv_class1_moderate_1,UtilityPV_Class1_Moderate_,1,3,1,0,0.0,0.0,0.0,0.0,0.0,1,1.0,0.0,1.6361057e6,0.0,0.0,630556.245,51445,14425,0.0,0.0,0.0,0.0,0.0,0.0,0.0,None,0.0,0.0,0.0,0.0,0.0,0,0.0,0.0,0.0,0.0,0.0,0.0,0.0,19248.968,1.059,30.0,0.026,0.0,0.0,0.0,0.0,0.0,0.2964898347854614,0,0,0,0,0,0,0,0,1
WECC,WECC_utilitypv_class1_moderate_2,UtilityPV_Class1_Moderate_,2,3,1,0,0.0,0.0,0.0,0.0,0.0,1,1.0,0.0,1.2243469e6,0.0,0.0,630556.245,61106,14425,0.0,0.0,0.0,0.0,0.0,0.0,0.0,None,0.0,0.0,0.0,0.0,0.0,0,0.0,0.0,0.0,0.0,0.0,0.0,0.0,28909.682,1.059,30.0,0.026,0.0,0.0,0.0,0.0,0.0,0.2754747271537781,0,0,0,0,0,0,0,0,1
WECC,WECC_utilitypv_class1_moderate_3,UtilityPV_Class1_Moderate_,3,3,1,0,0.0,0.0,0.0,0.0,0.0,1,1.0,0.0,1.5267016e6,0.0,0.0,630556.245,67155,14425,0.0,0.0,0.0,0.0,0.0,0.0,0.0,None,0.0,0.0,0.0,0.0,0.0,0,0.0,0.0,0.0,0.0,0.0,0.0,0.0,34958.176,1.059,30.0,0.026,0.0,0.0,0.0,0.0,0.0,0.2951880693435669,0,0,0,0,0,0,0,0,1
WECC,WECC_utilitypv_class1_moderate_4,UtilityPV_Class1_Moderate_,4,3,1,0,0.0,0.0,0.0,0.0,0.0,1,1.0,0.0,2.0356378e6,0.0,0.0,630556.245,68737,14425,0.0,0.0,0.0,0.0,0.0,0.0,0.0,None,0.0,0.0,0.0,0.0,0.0,0,0.0,0.0,0.0,0.0,0.0,0.0,0.0,36540.484,1.059,30.0,0.026,0.0,0.0,0.0,0.0,0.0,0.2761925458908081,0,0,0,0,0,0,0,0,1
WECC,WECC_utilitypv_class1_moderate_5,UtilityPV_Class1_Moderate_,5,3,1,0,0.0,0.0,0.0,0.0,0.0,1,1.0,0.0,798112.6,0.0,0.0,630556.245,77725,14425,0.0,0.0,0.0,0.0,0.0,0.0,0.0,None,0.0,0.0,0.0,0.0,0.0,0,0.0,0.0,0.0,0.0,0.0,0.0,0.0,45528.402,1.059,30.0,0.026,0.0,0.0,0.0,0.0,0.0,0.2995071709156036,0,0,0,0,0,0,0,0,1
WECC,WECC_utilitypv_class1_moderate_6,UtilityPV_Class1_Moderate_,6,3,1,0,0.0,0.0,0.0,0.0,0.0,1,1.0,0.0,1.9934061e6,0.0,0.0,630556.245,75643,14425,0.0,0.0,0.0,0.0,0.0,0.0,0.0,None,0.0,0.0,0.0,0.0,0.0,0,0.0,0.0,0.0,0.0,0.0,0.0,0.0,43446.632,1.059,30.0,0.026,0.0,0.0,0.0,0.0,0.0,0.2686400711536407,0,0,0,0,0,0,0,0,1
WECC,WECC_utilitypv_class1_moderate_7,UtilityPV_Class1_Moderate_,7,3,1,0,0.0,0.0,0.0,0.0,0.0,1,1.0,0.0,789006.1,0.0,0.0,630556.245,84775,14425,0.0,0.0,0.0,0.0,0.0,0.0,0.0,None,0.0,0.0,0.0,0.0,0.0,0,0.0,0.0,0.0,0.0,0.0,0.0,0.0,52578.04,1.059,30.0,0.026,0.0,0.0,0.0,0.0,0.0,0.2942663729190826,0,0,0,0,0,0,0,0,1
WECC,WECC_utilitypv_class1_moderate_8,UtilityPV_Class1_Moderate_,8,3,1,0,0.0,0.0,0.0,0.0,0.0,1,1.0,0.0,2.1118088e6,0.0,0.0,630556.245,84657,14425,0.0,0.0,0.0,0.0,0.0,0.0,0.0,None,0.0,0.0,0.0,0.0,0.0,0,0.0,0.0,0.0,0.0,0.0,0.0,0.0,52460.628,1.059,30.0,0.026,0.0,0.0,0.0,0.0,0.0,0.2537170350551605,0,0,0,0,0,0,0,0,1
WECC,WECC_utilitypv_class1_moderate_9,UtilityPV_Class1_Moderate_,9,3,1,0,0.0,0.0,0.0,0.0,0.0,1,1.0,0.0,751914.0,0.0,0.0,630556.245,91605,14425,0.0,0.0,0.0,0.0,0.0,0.0,0.0,None,0.0,0.0,0.0,0.0,0.0,0,0.0,0.0,0.0,0.0,0.0,0.0,0.0,59408.135,1.059,30.0,0.026,0.0,0.0,0.0,0.0,0.0,0.2818794548511505,0,0,0,0,0,0,0,0,1
WECC,WECC_offshorewind_class3_moderate_fixed_0_0,OffShoreWind_Class3_Moderate_fixed_0,0,3,1,0,0.0,0.0,0.0,0.0,0.0,1,1.0,0.0,271.5,0.0,0.0,1.732074611e6,192361,78449,0.0,0.0,0.0,0.0,0.0,0.0,0.0,None,0.0,0.0,0.0,0.0,0.0,0,0.0,0.0,0.0,0.0,0.0,0.0,0.0,97050.354,1.0,30.0,0.036,0.0,0.0,0.0,0.0,0.0,0.5263898372650146,0,0,0,0,0,0,0,0,1
WECC,WECC_offshorewind_class3_moderate_fixed_0_1,OffShoreWind_Class3_Moderate_fixed_0,1,3,1,0,0.0,0.0,0.0,0.0,0.0,1,1.0,0.0,1063.0,0.0,0.0,1.732074611e6,193542,78449,0.0,0.0,0.0,0.0,0.0,0.0,0.0,None,0.0,0.0,0.0,0.0,0.0,0,0.0,0.0,0.0,0.0,0.0,0.0,0.0,98231.299,1.0,30.0,0.036,0.0,0.0,0.0,0.0,0.0,0.496447741985321,0,0,0,0,0,0,0,0,1
WECC,WECC_offshorewind_class3_moderate_fixed_0_2,OffShoreWind_Class3_Moderate_fixed_0,2,3,1,0,0.0,0.0,0.0,0.0,0.0,1,1.0,0.0,507.7,0.0,0.0,1.732074611e6,192217,78449,0.0,0.0,0.0,0.0,0.0,0.0,0.0,None,0.0,0.0,0.0,0.0,0.0,0,0.0,0.0,0.0,0.0,0.0,0.0,0.0,96906.848,1.0,30.0,0.036,0.0,0.0,0.0,0.0,0.0,0.4821742177009582,0,0,0,0,0,0,0,0,1
WECC,WECC_offshorewind_class3_moderate_fixed_0_3,OffShoreWind_Class3_Moderate_fixed_0,3,3,1,0,0.0,0.0,0.0,0.0,0.0,1,1.0,0.0,876.1,0.0,0.0,1.732074611e6,189622,78449,0.0,0.0,0.0,0.0,0.0,0.0,0.0,None,0.0,0.0,0.0,0.0,0.0,0,0.0,0.0,0.0,0.0,0.0,0.0,0.0,94311.798,1.0,30.0,0.036,0.0,0.0,0.0,0.0,0.0,0.529643177986145,0,0,0,0,0,0,0,0,1
WECC,WECC_offshorewind_class3_moderate_fixed_0_4,OffShoreWind_Class3_Moderate_fixed_0,4,3,1,0,0.0,0.0,0.0,0.0,0.0,1,1.0,0.0,1373.2,0.0,0.0,1.732074611e6,162045,78449,0.0,0.0,0.0,0.0,0.0,0.0,0.0,None,0.0,0.0,0.0,0.0,0.0,0,0.0,0.0,0.0,0.0,0.0,0.0,0.0,66734.737,1.0,30.0,0.036,0.0,0.0,0.0,0.0,0.0,0.4061830043792724,0,0,0,0,0,0,0,0,1
WECC,WECC_offshorewind_class3_moderate_fixed_0_5,OffShoreWind_Class3_Moderate_fixed_0,5,3,1,0,0.0,0.0,0.0,0.0,0.0,1,1.0,0.0,80.0,0.0,0.0,1.732074611e6,191479,78449,0.0,0.0,0.0,0.0,0.0,0.0,0.0,None,0.0,0.0,0.0,0.0,0.0,0,0.0,0.0,0.0,0.0,0.0,0.0,0.0,96168.58,1.0,30.0,0.036,0.0,0.0,0.0,0.0,0.0,0.527999997138977,0,0,0,0,0,0,0,0,1
WECC,WECC_offshorewind_class3_moderate_fixed_0_6,OffShoreWind_Class3_Moderate_fixed_0,6,3,1,0,0.0,0.0,0.0,0.0,0.0,1,1.0,0.0,658.2,0.0,0.0,1.732074611e6,164885,78449,0.0,0.0,0.0,0.0,0.0,0.0,0.0,None,0.0,0.0,0.0,0.0,0.0,0,0.0,0.0,0.0,0.0,0.0,0.0,0.0,69574.251,1.0,30.0,0.036,0.0,0.0,0.0,0.0,0.0,0.3942580819129944,0,0,0,0,0,0,0,0,1
WECC,WECC_offshorewind_class3_moderate_fixed_0_7,OffShoreWind_Class3_Moderate_fixed_0,7,3,1,0,0.0,0.0,0.0,0.0,0.0,1,1.0,0.0,720.0,0.0,0.0,1.732074611e6,190883,78449,0.0,0.0,0.0,0.0,0.0,0.0,0.0,None,0.0,0.0,0.0,0.0,0.0,0,0.0,0.0,0.0,0.0,0.0,0.0,0.0,95572.546,1.0,30.0,0.036,0.0,0.0,0.0,0.0,0.0,0.5,0,0,0,0,0,0,0,0,1
WECC,WECC_offshorewind_class3_moderate_fixed_0_8,OffShoreWind_Class3_Moderate_fixed_0,8,3,1,0,0.0,0.0,0.0,0.0,0.0,1,1.0,0.0,1320.4,0.0,0.0,1.732074611e6,164449,78449,0.0,0.0,0.0,0.0,0.0,0.0,0.0,None,0.0,0.0,0.0,0.0,0.0,0,0.0,0.0,0.0,0.0,0.0,0.0,0.0,69138.277,1.0,30.0,0.036,0.0,0.0,0.0,0.0,0.0,0.3759801685810089,0,0,0,0,0,0,0,0,1
WECC,WECC_offshorewind_class3_moderate_fixed_0_9,OffShoreWind_Class3_Moderate_fixed_0,9,3,1,0,0.0,0.0,0.0,0.0,0.0,1,1.0,0.0,240.0,0.0,0.0,1.732074611e6,189389,78449,0.0,0.0,0.0,0.0,0.0,0.0,0.0,None,0.0,0.0,0.0,0.0,0.0,0,0.0,0.0,0.0,0.0,0.0,0.0,0.0,94078.538,1.0,30.0,0.036,0.0,0.0,0.0,0.0,0.0,0.2983333468437195,0,0,0,0,0,0,0,0,1
WECC,WECC_offshorewind_class12_moderate_floating_1_0,OffShoreWind_Class12_Moderate_floating_1,0,3,1,0,0.0,0.0,0.0,0.0,0.0,1,1.0,0.0,11537.9,0.0,0.0,2.765423683e6,249664,68827,0.0,0.0,0.0,0.0,0.0,0.0,0.0,None,0.0,0.0,0.0,0.0,0.0,0,0.0,0.0,0.0,0.0,0.0,0.0,0.0,97491.082,1.0,30.0,0.036,0.0,0.0,0.0,0.0,0.0,0.5161008834838867,0,0,0,0,0,0,0,0,1
WECC,WECC_offshorewind_class12_moderate_floating_1_1,OffShoreWind_Class12_Moderate_floating_1,1,3,1,0,0.0,0.0,0.0,0.0,0.0,1,1.0,0.0,1606.7,0.0,0.0,2.765423683e6,239076,68827,0.0,0.0,0.0,0.0,0.0,0.0,0.0,None,0.0,0.0,0.0,0.0,0.0,0,0.0,0.0,0.0,0.0,0.0,0.0,0.0,86903.174,1.0,30.0,0.036,0.0,0.0,0.0,0.0,0.0,0.4532737135887146,0,0,0,0,0,0,0,0,1
WECC,WECC_offshorewind_class12_moderate_floating_1_2,OffShoreWind_Class12_Moderate_floating_1,2,3,1,0,0.0,0.0,0.0,0.0,0.0,1,1.0,0.0,8011.6,0.0,0.0,2.765423683e6,239507,68827,0.0,0.0,0.0,0.0,0.0,0.0,0.0,None,0.0,0.0,0.0,0.0,0.0,0,0.0,0.0,0.0,0.0,0.0,0.0,0.0,87334.471,1.0,30.0,0.036,0.0,0.0,0.0,0.0,0.0,0.4391463696956634,0,0,0,0,0,0,0,0,1
WECC,WECC_offshorewind_class12_moderate_floating_1_3,OffShoreWind_Class12_Moderate_floating_1,3,3,1,0,0.0,0.0,0.0,0.0,0.0,1,1.0,0.0,5380.6,0.0,0.0,2.765423683e6,242152,68827,0.0,0.0,0.0,0.0,0.0,0.0,0.0,None,0.0,0.0,0.0,0.0,0.0,0,0.0,0.0,0.0,0.0,0.0,0.0,0.0,89979.857,1.0,30.0,0.036,0.0,0.0,0.0,0.0,0.0,0.4498360157012939,0,0,0,0,0,0,0,0,1
WECC,WECC_offshorewind_class12_moderate_floating_1_4,OffShoreWind_Class12_Moderate_floating_1,4,3,1,0,0.0,0.0,0.0,0.0,0.0,1,1.0,0.0,11492.8,0.0,0.0,2.765423683e6,239332,68827,0.0,0.0,0.0,0.0,0.0,0.0,0.0,None,0.0,0.0,0.0,0.0,0.0,0,0.0,0.0,0.0,0.0,0.0,0.0,0.0,87159.976,1.0,30.0,0.036,0.0,0.0,0.0,0.0,0.0,0.425760269165039,0,0,0,0,0,0,0,0,1
WECC,WECC_offshorewind_class12_moderate_floating_1_5,OffShoreWind_Class12_Moderate_floating_1,5,3,1,0,0.0,0.0,0.0,0.0,0.0,1,1.0,0.0,1664.0,0.0,0.0,2.765423683e6,254321,68827,0.0,0.0,0.0,0.0,0.0,0.0,0.0,None,0.0,0.0,0.0,0.0,0.0,0,0.0,0.0,0.0,0.0,0.0,0.0,0.0,102148.55,1.0,30.0,0.036,0.0,0.0,0.0,0.0,0.0,0.4787692725658417,0,0,0,0,0,0,0,0,1
WECC,WECC_offshorewind_class12_moderate_floating_1_6,OffShoreWind_Class12_Moderate_floating_1,6,3,1,0,0.0,0.0,0.0,0.0,0.0,1,1.0,0.0,10807.6,0.0,0.0,2.765423683e6,242008,68827,0.0,0.0,0.0,0.0,0.0,0.0,0.0,None,0.0,0.0,0.0,0.0,0.0,0,0.0,0.0,0.0,0.0,0.0,0.0,0.0,89835.713,1.0,30.0,0.036,0.0,0.0,0.0,0.0,0.0,0.425982654094696,0,0,0,0,0,0,0,0,1
WECC,WECC_offshorewind_class12_moderate_floating_1_7,OffShoreWind_Class12_Moderate_floating_1,7,3,1,0,0.0,0.0,0.0,0.0,0.0,1,1.0,0.0,2176.4,0.0,0.0,2.765423683e6,252725,68827,0.0,0.0,0.0,0.0,0.0,0.0,0.0,None,0.0,0.0,0.0,0.0,0.0,0,0.0,0.0,0.0,0.0,0.0,0.0,0.0,100552.4,1.0,30.0,0.036,0.0,0.0,0.0,0.0,0.0,0.4610034823417663,0,0,0,0,0,0,0,0,1
WECC,WECC_offshorewind_class12_moderate_floating_1_8,OffShoreWind_Class12_Moderate_floating_1,8,3,1,0,0.0,0.0,0.0,0.0,0.0,1,1.0,0.0,10054.6,0.0,0.0,2.765423683e6,240921,68827,0.0,0.0,0.0,0.0,0.0,0.0,0.0,None,0.0,0.0,0.0,0.0,0.0,0,0.0,0.0,0.0,0.0,0.0,0.0,0.0,88748.499,1.0,30.0,0.036,0.0,0.0,0.0,0.0,0.0,0.4137037396430969,0,0,0,0,0,0,0,0,1
WECC,WECC_offshorewind_class12_moderate_floating_1_9,OffShoreWind_Class12_Moderate_floating_1,9,3,1,0,0.0,0.0,0.0,0.0,0.0,1,1.0,0.0,1964.2,0.0,0.0,2.765423683e6,239123,68827,0.0,0.0,0.0,0.0,0.0,0.0,0.0,None,0.0,0.0,0.0,0.0,0.0,0,0.0,0.0,0.0,0.0,0.0,0.0,0.0,86950.746,1.0,30.0,0.036,0.0,0.0,0.0,0.0,0.0,0.3856728374958038,0,0,0,0,0,0,0,0,1
WECC,WECC_offshorewind_class12_moderate_floating_0_0,OffShoreWind_Class12_Moderate_floating_0,0,3,1,0,0.0,0.0,0.0,0.0,0.0,1,1.0,0.0,84260.1,0.0,0.0,2.765423683e6,243783,68827,0.0,0.0,0.0,0.0,0.0,0.0,0.0,None,0.0,0.0,0.0,0.0,0.0,0,0.0,0.0,0.0,0.0,0.0,0.0,0.0,91610.444,1.0,30.0,0.036,0.0,0.0,0.0,0.0,0.0,0.4784918427467346,0,0,0,0,0,0,0,0,1
WECC,WECC_offshorewind_class12_moderate_floating_0_1,OffShoreWind_Class12_Moderate_floating_0,1,3,1,0,0.0,0.0,0.0,0.0,0.0,1,1.0,0.0,80418.2,0.0,0.0,2.765423683e6,255004,68827,0.0,0.0,0.0,0.0,0.0,0.0,0.0,None,0.0,0.0,0.0,0.0,0.0,0,0.0,0.0,0.0,0.0,0.0,0.0,0.0,102831.31,1.0,30.0,0.036,0.0,0.0,0.0,0.0,0.0,0.5174505114555359,0,0,0,0,0,0,0,0,1
WECC,WECC_offshorewind_class12_moderate_floating_0_2,OffShoreWind_Class12_Moderate_floating_0,2,3,1,0,0.0,0.0,0.0,0.0,0.0,1,1.0,0.0,111497.6,0.0,0.0,2.765423683e6,238171,68827,0.0,0.0,0.0,0.0,0.0,0.0,0.0,None,0.0,0.0,0.0,0.0,0.0,0,0.0,0.0,0.0,0.0,0.0,0.0,0.0,85998.459,1.0,30.0,0.036,0.0,0.0,0.0,0.0,0.0,0.4333144426345825,0,0,0,0,0,0,0,0,1
WECC,WECC_offshorewind_class12_moderate_floating_0_3,OffShoreWind_Class12_Moderate_floating_0,3,3,1,0,0.0,0.0,0.0,0.0,0.0,1,1.0,0.0,48256.1,0.0,0.0,2.765423683e6,251548,68827,0.0,0.0,0.0,0.0,0.0,0.0,0.0,None,0.0,0.0,0.0,0.0,0.0,0,0.0,0.0,0.0,0.0,0.0,0.0,0.0,99375.555,1.0,30.0,0.036,0.0,0.0,0.0,0.0,0.0,0.5377771854400635,0,0,0,0,0,0,0,0,1
WECC,WECC_offshorewind_class12_moderate_floating_0_4,OffShoreWind_Class12_Moderate_floating_0,4,3,1,0,0.0,0.0,0.0,0.0,0.0,1,1.0,0.0,110010.9,0.0,0.0,2.765423683e6,232554,68827,0.0,0.0,0.0,0.0,0.0,0.0,0.0,None,0.0,0.0,0.0,0.0,0.0,0,0.0,0.0,0.0,0.0,0.0,0.0,0.0,80381.503,1.0,30.0,0.036,0.0,0.0,0.0,0.0,0.0,0.4032327532768249,0,0,0,0,0,0,0,0,1
WECC,WECC_offshorewind_class12_moderate_floating_0_5,OffShoreWind_Class12_Moderate_floating_0,5,3,1,0,0.0,0.0,0.0,0.0,0.0,1,1.0,0.0,38032.4,0.0,0.0,2.765423683e6,242540,68827,0.0,0.0,0.0,0.0,0.0,0.0,0.0,None,0.0,0.0,0.0,0.0,0.0,0,0.0,0.0,0.0,0.0,0.0,0.0,0.0,90367.303,1.0,30.0,0.036,0.0,0.0,0.0,0.0,0.0,0.4824268817901611,0,0,0,0,0,0,0,0,1
WECC,WECC_offshorewind_class12_moderate_floating_0_6,OffShoreWind_Class12_Moderate_floating_0,6,3,1,0,0.0,0.0,0.0,0.0,0.0,1,1.0,0.0,68883.9,0.0,0.0,2.765423683e6,242999,68827,0.0,0.0,0.0,0.0,0.0,0.0,0.0,None,0.0,0.0,0.0,0.0,0.0,0,0.0,0.0,0.0,0.0,0.0,0.0,0.0,90826.667,1.0,30.0,0.036,0.0,0.0,0.0,0.0,0.0,0.4671471416950226,0,0,0,0,0,0,0,0,1
WECC,WECC_offshorewind_class12_moderate_floating_0_7,OffShoreWind_Class12_Moderate_floating_0,7,3,1,0,0.0,0.0,0.0,0.0,0.0,1,1.0,0.0,80393.2,0.0,0.0,2.765423683e6,234330,68827,0.0,0.0,0.0,0.0,0.0,0.0,0.0,None,0.0,0.0,0.0,0.0,0.0,0,0.0,0.0,0.0,0.0,0.0,0.0,0.0,82157.804,1.0,30.0,0.036,0.0,0.0,0.0,0.0,0.0,0.3824866116046905,0,0,0,0,0,0,0,0,1
WECC,WECC_offshorewind_class12_moderate_floating_0_8,OffShoreWind_Class12_Moderate_floating_0,8,3,1,0,0.0,0.0,0.0,0.0,0.0,1,1.0,0.0,111172.1,0.0,0.0,2.765423683e6,241861,68827,0.0,0.0,0.0,0.0,0.0,0.0,0.0,None,0.0,0.0,0.0,0.0,0.0,0,0.0,0.0,0.0,0.0,0.0,0.0,0.0,89688.461,1.0,30.0,0.036,0.0,0.0,0.0,0.0,0.0,0.4107287228107452,0,0,0,0,0,0,0,0,1
WECC,WECC_offshorewind_class12_moderate_floating_0_9,OffShoreWind_Class12_Moderate_floating_0,9,3,1,0,0.0,0.0,0.0,0.0,0.0,1,1.0,0.0,21790.4,0.0,0.0,2.765423683e6,224389,68827,0.0,0.0,0.0,0.0,0.0,0.0,0.0,None,0.0,0.0,0.0,0.0,0.0,0,0.0,0.0,0.0,0.0,0.0,0.0,0.0,72216.353,1.0,30.0,0.036,0.0,0.0,0.0,0.0,0.0,0.3195012807846069,0,0,0,0,0,0,0,0,1
